"","group","piR.hsa.100956","piR.hsa.1288731","piR.hsa.141155","piR.hsa.2499988","piR.hsa.2851799"
"TCGA.73.4675.01A.01T.1207.13","tumor",5.74322044757124,4.03316873443825,3.42999396057274,4.31795200994102,4.24627287497826
"TCGA.58.8388.01A.11H.2325.13","tumor",5.69386728656291,2.83156607546639,2.14020209370547,1.84594160910935,1.43944544758158
"SRR6757411","normal",6.83478460464566,3.17671107305114,1.73397397387524,2.2529335445444,1.36249168624722
"TCGA.55.6972.01A.11H.1948.13","tumor",5.99302814226727,3.91669666812651,2.11131355541602,2.45044992273845,0.374061032709491
"SRR6757427","normal",5.78909966392764,2.23903606301377,1.65184238048842,2.24711755715009,1.34962638937255
"SRR14634349","tumor",5.8427755694049,3.03783442271324,2.53823619395662,3.42871026202428,2.33377054582288
"TCGA.69.7974.01A.11H.2186.13","tumor",5.69789047773597,3.22687187729485,2.54991949878788,3.35648523065421,1.72771783982407
"SRR6757461","normal",6.14147275123055,2.45891433159131,1.63704841922926,2.22265982391079,1.34847076978236
"TCGA.55.6979.01A.11H.1948.13","tumor",5.50911372086218,3.51456687621027,2.20580293704114,1.77239296174212,0.578600347814545
"SRR14634245","normal",5.83189441933862,2.32152489196466,1.2484333350205,1.42953186721911,1.17699243829304
"TCGA.63.A5MT.01A.21H.A26V.13","tumor",5.4874858767444,2.62152961368108,1.8357730638019,1.56308993693522,1.12846312522455
"TCGA.44.7671.01A.11H.2065.13","tumor",6.49349771738013,2.06302112972406,0.514155463864425,0.719422914601906,0.139584559015686
"TCGA.22.5478.11A.11H.2124.13","normal",6.44082975097584,1.66364603986156,0.970636889990252,1.55748213453255,0.696169379627879
"TCGA.22.5483.01A.01T.1819.13","tumor",4.06325907857141,1.41123579120933,0.909761643543386,2.37138390333507,0.716812162822836
"TCGA.56.7579.01A.11H.2044.13","tumor",6.25162033125372,2.50227921097857,2.38922596490312,2.26076120975724,1.66525278570183
"SRR14634322","tumor",5.14306896899336,2.52226990374315,2.39893300809229,1.96557789337193,1.39202882985644
"TCGA.46.3765.01A.01T.0981.13","tumor",6.09554451720036,4.77323166389432,3.4171821370566,3.04484392734066,2.93990863112152
"TCGA.44.6778.01A.11H.1857.13","tumor",5.83923408129402,2.64814601317175,1.38287185763906,2.97771025483685,1.58634922949321
"TCGA.78.7162.01A.21H.2065.13","tumor",6.18232793522174,2.70626419092632,1.08430139881129,1.80234970926897,-0.123639053005302
"SRR14634257","normal",5.83146855356709,2.22038647963871,0.925119345974498,1.2468151337708,1.17636714076087
"TCGA.34.2600.01A.01T.1557.13","tumor",5.60761507197457,4.25403082445307,2.813599402013,2.06614706472373,2.19429928342225
"TCGA.38.7271.01A.11H.2038.13","tumor",6.16185458500925,1.07318413809565,0.396795674865499,0.453816905680657,-0.294319109563624
"TCGA.86.7711.01A.11H.2065.13","tumor",5.33509330682465,2.59911361208956,1.16770751238033,1.72540389703492,1.36782907791586
"SRR6757443","normal",7.43563880758695,3.21859495097721,2.12993534384989,2.26529827953034,1.3515847525504
"TCGA.33.4589.01A.01T.1442.13","tumor",5.4707647668869,3.48097956245,3.12237701390439,5.79705299482816,3.00157369143418
"TCGA.05.4397.01A.01T.1207.13","tumor",5.33387996965433,3.12926256623194,2.03410725359826,3.29457288866658,1.70506971106721
"TCGA.55.8505.01A.11H.2402.13","tumor",5.96040116767174,2.8102869230585,2.28929289549294,1.93488432227927,0.898257031444988
"TCGA.37.4135.01A.01T.1557.13","tumor",4.83506672660884,3.86689488429354,2.48595311160813,2.75584972393397,2.04628267264502
"SRR6757375","normal",6.36692012820979,3.09231818299968,1.72800598467495,2.22728987059671,1.34894074421547
"TCGA.80.5607.01A.31H.1948.13","tumor",6.52425916257668,2.56434111075066,2.15287015318231,2.81882469880493,1.56753675542539
"TCGA.44.A4SS.01A.11H.A24S.13","tumor",5.36441450919273,2.34315471321713,1.68857012462564,1.50261900576502,0.870499795813384
"TCGA.43.6771.01A.11H.1819.13","tumor",5.5677107386404,2.79669182114071,2.40796851637482,3.80920991722552,2.22685662736982
"SRR14634254","normal",4.98265062514091,3.27911775553666,1.29200927980943,1.81626837061305,1.14136748424025
"TCGA.44.A47G.01A.21H.A24G.13","tumor",6.00176267005427,2.96098668994356,1.14716709445135,1.05919813327685,1.44681413593908
"SRR14634366","tumor",5.89325898643128,3.73305878598746,2.39309528795295,2.8740984069071,1.32166061384348
"SRR6757456","tumor",3.32823865520692,2.12914011882033,1.96637679329679,2.29526399264482,1.37186835988447
"SRR6757398","tumor",4.86853094117294,3.39523217266483,2.14916015018208,2.26039783303533,1.35187778465716
"SRR6757449","normal",6.60257475340881,3.46238779994961,1.80877488564178,2.3950239311016,1.35919946788391
"TCGA.38.A44F.01A.11H.A24G.13","tumor",6.04251691784646,2.50588149986659,0.965683042723644,0.69710641447725,0.0274456450689727
"TCGA.34.5241.01A.01T.1442.13","tumor",5.79336594882697,3.04887140394231,3.05752456220221,3.57511783153067,2.38478481877047
"SRR14634303","normal",6.37837259057784,2.7724939950628,1.23434816301538,2.56239742338479,1.15675500579566
"TCGA.18.4721.01A.01T.1442.13","tumor",5.3484781626291,2.91851568982119,2.25243941695279,3.40715127500297,1.86159687134121
"TCGA.63.5128.01A.01T.1442.13","tumor",6.0089754761888,3.6524031582651,3.07103245596895,3.82378514009394,2.45483150537761
"SRR6757373","normal",6.36817730381985,3.34903136031745,1.80357016964886,2.22113787218769,1.3497886681019
"TCGA.56.8082.11A.01H.2246.13","normal",6.57909433913263,1.20614354787846,0.634181097885192,1.36719385741154,-0.230069535444443
"SRR6757385","normal",5.27613003543729,2.45321176202671,1.67875869742519,2.31776670882749,1.35087596793358
"TCGA.18.3414.01A.01T.0981.13","tumor",4.93655730773006,4.0758619611652,1.74974751332332,0.764298208012759,1.13831512765887
"TCGA.55.7281.01A.11H.2038.13","tumor",5.39654012883905,2.11696109107872,1.19435903636142,2.15363536134758,1.40426196083062
"TCGA.93.7348.01A.21H.2038.13","tumor",5.34391291321447,2.35363365537506,0.890949212482413,2.11134102480503,0.496424704837634
"SRR14634272","normal",6.20919036731014,1.71197031279439,1.05957561524575,1.09966310851149,1.14902588587133
"TCGA.44.2656.01A.02T.0947.13","tumor",5.93079788395393,3.74687840146374,2.18024391720027,2.08418169776323,1.08107795564821
"SRR14634321","tumor",5.23173326873676,2.61957748550106,2.61178878492836,2.43567072777706,1.35127886701676
"TCGA.94.A5I4.01A.11H.A26V.13","tumor",5.47696829505325,3.04749232135835,2.66156126983962,3.45378654730061,2.36686904908216
"SRR6757455","normal",6.51025183798314,3.13733370440282,1.79087099433121,2.29050663438681,1.36207715168064
"TCGA.95.7039.01A.11H.1948.13","tumor",5.63086787687792,3.20897084742438,1.89000090630321,2.16042253429186,0.749895495285781
"SRR14634347","tumor",5.7835345268329,3.19903534980288,3.59542818248362,4.03936831466651,2.09791273524373
"TCGA.33.4587.11A.01H.2124.13","normal",6.80194717979854,0.865594893747873,0.45187194807709,-0.00309969930962628,-0.390426550363154
"TCGA.78.7161.01A.11H.2038.13","tumor",6.08301455022799,2.03843204059583,0.752438179556339,0.91411935337993,0.115521862462639
"TCGA.22.4609.11A.01H.2124.13","normal",5.87361500514253,3.00013326854028,1.9394361449994,2.19988842365864,0.418420604616878
"SRR14634270","normal",6.06328731532309,2.16399310231488,1.58205448991931,1.45131605550992,1.14136748424025
"SRR6757391","normal",6.53449870818821,3.24511289104308,1.86472194752807,2.25572950884086,1.35491267024081
"SRR6757441","normal",6.6811416725117,2.72967684281801,2.79832588201637,2.45945891518796,1.35282692715144
"TCGA.90.7767.11A.01H.2124.13","normal",6.50650469935101,1.48368994491089,0.999513034325924,1.46477965051048,-0.269050132845999
"SRR14634265","normal",5.96601206624031,2.32618387209201,1.20608159035126,1.19408850174179,1.16495091174757
"TCGA.66.2755.01A.01T.1557.13","tumor",4.91368453264435,4.06579636897503,2.6730172639539,2.16992085254314,2.78416945937535
"SRR14634244","normal",5.88250750923775,2.83251989624979,1.01226845202491,1.27023832080133,1.14136748424025
"SRR14634300","normal",6.32140868924338,2.65112725747177,1.49732146232584,2.37808468007496,1.22460014211709
"TCGA.85.A4CL.01A.41H.A26V.13","tumor",5.53201752638666,2.91795390172039,1.96082832648835,1.70624637831012,1.12410276821989
"TCGA.94.8490.01A.11H.2325.13","tumor",5.49715369106287,2.40241955077929,1.80666534890366,2.08196495330327,1.30439735442087
"TCGA.37.4130.01A.01T.1557.13","tumor",5.30428375622854,4.25350830982511,2.37202080815231,2.69445438351848,2.11706387278722
"SRR14634320","tumor",5.35880223790225,4.23298613980809,3.6504662429026,4.26624764544959,1.65287623934957
"TCGA.33.4538.01A.01T.1517.13","tumor",5.76629453817282,4.83834895126411,3.07620313653386,2.39142808711644,2.07244807916327
"TCGA.55.6969.01A.11H.1948.13","tumor",6.08541766956646,4.34162091776456,2.92417247378389,2.35449244577978,1.0697205744446
"TCGA.50.5072.01A.21H.1857.13","tumor",6.06116822568095,2.37573282037497,0.879882526641466,2.17044009232625,1.03247719758853
"TCGA.77.8146.01A.11H.2246.13","tumor",5.88627373667887,3.00034789808882,2.20395858783087,3.22237040899328,2.7293359663506
"TCGA.49.6743.01A.11H.1857.13","tumor",6.14276697974038,2.85422858293387,2.35055308824689,3.35768605966938,2.8334816562341
"SRR14634352","tumor",5.80259120759315,2.74491213484223,1.89037535006308,2.22532283166953,1.25283520266475
"SRR14634341","tumor",5.3670510144819,2.4784268807695,2.17661116587443,2.42528653247939,1.44618196108047
"SRR6757390","tumor",2.71140476823467,1.99020890712089,1.54337892173806,2.23288839577419,1.34608887295504
"SRR14634295","normal",6.11491743430087,2.56873206648211,0.966663664287431,1.23323675394651,1.15195699660919
"TCGA.91.8499.01A.11H.2402.13","tumor",4.86888544496555,2.73233457694107,2.85835198168658,2.94449340124847,1.63880995485373
"TCGA.58.8387.01A.11H.2295.13","tumor",6.01139139166805,3.7682223214044,3.06976998072694,3.02601084122145,2.85783328339059
"TCGA.97.A4M7.01A.11H.A24S.13","tumor",5.18404045838772,2.77632093435868,0.874463548589544,0.66470197916559,0.639712951836793
"SRR14634298","normal",6.23431398147203,3.28103308889654,1.66086254542177,2.98063611420584,1.17951901428802
"TCGA.44.7670.01A.11H.2065.13","tumor",5.76100414603723,2.00437409709356,1.69142325642674,2.33588157637515,1.60356387253784
"SRR14634316","tumor",5.57563761483835,2.36642769786079,1.81933786851887,1.4902782415122,1.28551791785933
"SRR6757397","normal",7.48955960453723,3.07330224405341,1.59955495666572,2.21594281814439,1.34616039342211
"TCGA.44.6777.11A.01H.2169.13","normal",5.71865224695051,1.43226260025377,0.877495536362262,0.933839553051384,-0.27896860301788
"SRR14634282","normal",6.19519620062417,1.76543269186144,0.836408587525197,1.16675525684114,1.14136748424025
"SRR14634305","normal",6.15669452709112,3.19038537580119,1.74243624503151,2.63146462323604,1.19074456449824
"SRR6757410","tumor",6.0893816180689,3.43185694265641,1.97502006763992,2.47068234871718,1.34942383404632
"TCGA.58.8390.01A.11H.2325.13","tumor",4.79725204509156,2.45538059049159,1.39629632850938,1.64926690909583,1.16934673790315
"SRR6757468","tumor",4.94541843405616,3.15582391316611,1.84449741384838,2.28616570767182,1.35305625073691
"TCGA.34.7107.11A.01H.2124.13","normal",5.59098368533602,2.83174944656087,1.96446753857622,1.92768876893004,1.6459024245669
"TCGA.66.2765.01A.01T.1557.13","tumor",5.53681737754612,4.14174042922192,3.19001997886417,2.84376854886367,3.07510041315474
"SRR14634358","tumor",5.56430907066881,3.08176481044319,1.84230914292973,2.16558534495767,1.18649220907545
"SRR6757444","tumor",5.54879118558526,3.80790195997143,3.18863284883829,2.57291487979978,1.3989488990023
"TCGA.NK.A5CX.01A.11H.A26V.13","tumor",6.1122270204366,3.38933852674286,2.74812122918505,3.20592363372107,2.37276159084113
"TCGA.34.5234.01A.01T.1634.13","tumor",5.51594479361711,2.526198898627,1.38989179926749,3.57652831956917,1.02238513686385
"SRR14634344","tumor",5.51148961119615,2.72323802586168,3.36787897997682,3.49106848186574,2.33280196758131
"TCGA.43.6143.01A.11H.1819.13","tumor",5.75375825736037,2.57118195375821,2.52796782249347,3.05729136891108,2.0731280380699
"TCGA.55.7726.01A.11H.2169.13","tumor",6.19842310654269,1.94288019894539,1.05925447162872,1.54875812159744,0.981310814594
"SRR6757383","normal",6.50140907710183,3.60818784822642,1.87068429321916,2.27254970416737,1.35582398457374
"TCGA.44.7671.11A.01H.2065.13","normal",6.70753940927497,1.0244040756286,0.599349894922148,0.521069081528114,0.322003073044486
"TCGA.34.8456.11A.01H.2325.13","normal",6.30308261028201,1.41749390524417,0.991375982105676,0.650943737665856,1.52453557212052
"SRR6757392","tumor",4.04519334909327,2.96766633832458,2.00006896759811,2.27126695040784,1.36342840992074
"TCGA.39.5034.01A.01T.1442.13","tumor",4.57606299064416,2.66293948886268,2.54283200187279,3.38449719570434,1.80359490327491
"SRR6757387","normal",6.12194448290533,3.72581330383139,2.1085927336246,2.21718971805888,1.34950468544481
"TCGA.78.7540.01A.11H.2065.13","tumor",6.3354344595849,2.05571698020293,0.83094499064593,0.589970071661092,0.350478520798064
"SRR14634236","normal",6.3181117030351,1.95274707152301,0.805614374806753,0.983365996920984,1.14136748424025
"TCGA.34.5240.01A.01T.1442.13","tumor",5.64523368049884,3.71775005150944,3.50902953198121,4.65199461653088,3.27847234822675
"TCGA.49.4501.01A.01T.1207.13","tumor",5.85222034749435,3.05429053800198,2.05025044050198,3.00030833667347,1.01589267354753
"TCGA.05.4415.01A.22H.1857.13","tumor",6.22125604590882,3.30040158873921,2.59363284062607,3.45137598272278,2.6262108675954
"TCGA.64.1679.01A.21H.2065.13","tumor",4.9278734642302,2.36261032746551,1.22096485605707,1.78500778023267,1.02555570621232
"TCGA.21.1072.01A.01T.1557.13","tumor",5.68198244043372,4.80307536858979,3.65642097248745,3.62595078245692,3.18736515246977
"TCGA.56.7823.01B.11H.2246.13","tumor",6.00110838541188,3.84862738598698,3.56529195030678,4.35869125018659,3.09691440246678
"SRR14634368","tumor",6.03478254435979,4.88550099252882,3.38952269102805,4.26374264805634,1.64415344638616
"TCGA.46.6026.01A.11H.1819.13","tumor",5.69171498852203,3.67911721226537,3.61558966594078,3.64433034714255,2.93981418914058
"TCGA.85.6798.01A.11H.1948.13","tumor",5.89158023603222,3.23211675944672,3.02459928894849,2.93554852056911,2.56559309557792
"TCGA.55.8205.01A.11H.2240.13","tumor",5.62956658313318,3.05914747084647,2.10604401146279,2.1833028932956,0.740840729274075
"SRR14634314","tumor",5.04858724957614,3.15098096051268,2.44008110758028,2.56225743148184,1.34595217929463
"TCGA.55.7724.11A.01H.2169.13","normal",5.96573650487929,1.6034590874859,0.694374838634857,2.41487606885565,-0.420772718232278
"SRR6757428","tumor",3.77275622560996,1.84845696317423,1.86590895734009,2.25402894718729,1.36952832121737
"TCGA.55.7911.11A.01H.2169.13","normal",6.38039910152076,1.06041851356061,0.611784010718711,1.33620238232487,-0.0344376755097489
"TCGA.56.8624.11A.01H.2402.13","normal",6.27966930848392,1.50922478857044,0.735035612563319,2.91690988005093,0.147193612822735
"TCGA.98.7454.01A.11H.2044.13","tumor",5.34952323965177,2.72968329892178,1.85267712508992,1.42594541459465,0.89182299693623
"TCGA.78.7152.01A.11H.2038.13","tumor",5.58013848060096,2.83075215393973,0.654717450016078,1.58719491228701,0.198273146179497
"TCGA.50.5933.01A.11H.1754.13","tumor",5.72454284266037,2.43416820504986,2.07679401931704,2.64477211467465,1.63272580914641
"TCGA.70.6723.01A.11H.1819.13","tumor",5.40661061027346,3.25719521687667,3.18723155440941,3.98081245336737,2.85600326999141
"SRR14634251","normal",6.09868633639229,2.36399015346017,0.914976406045795,1.1502541219923,1.14136748424025
"TCGA.92.7340.11A.01H.2044.13","normal",6.44692909699506,1.92914894868756,1.35407541552615,2.1099590868537,-0.402202304271476
"SRR6757396","tumor",5.58715305576894,3.06048060265196,1.96633014566375,2.26763564921733,1.35022983126962
"SRR14634283","normal",6.27677487412518,1.97953071751489,1.31018456509715,1.80302566784932,1.1502242055777
"TCGA.MP.A4SY.01A.21H.A24S.13","tumor",5.09243598977372,2.62022732007426,2.01372527292568,2.20322650605415,1.01357790925651
"SRR6757409","normal",5.75025960623729,2.44354698087199,1.7299362815125,2.24168174182825,1.34934935498898
"TCGA.85.8048.01A.11H.2246.13","tumor",5.85108226451756,2.55535696310625,1.50906996419311,1.92556558023637,0.726506181222303
"SRR14634315","tumor",5.61840349448852,2.85621829591494,2.15906342869418,2.27223587602686,1.41080714311982
"TCGA.77.8143.01A.11H.2246.13","tumor",6.36898024349887,4.19481249686468,3.67386939449389,4.76088237370334,3.51155152827802
"TCGA.44.2661.01A.01T.1108.13","tumor",5.60356777256441,2.59698260309909,0.606460408571239,0.764018283725772,1.01007966811402
"TCGA.21.1075.01A.01T.1557.13","tumor",6.03264750738407,4.48531443866652,4.26205879329669,4.23602825638254,4.02797805593299
"TCGA.96.A4JL.01A.11H.A25B.13","tumor",5.97844320305086,3.1104865052237,1.17843140767086,1.16379715568426,0.778812044896013
"TCGA.22.4609.01A.21H.2124.13","tumor",5.83963181714389,3.42138270551999,2.32412903809204,1.88385404392064,0.758418181393122
"TCGA.50.5930.11A.01H.2169.13","normal",5.62638398898723,1.74681902960036,0.723411236958716,1.62552618157893,0.000890027003247362
"TCGA.44.7667.01A.31H.2065.13","tumor",5.95191212377897,3.08114829665274,2.1101970920005,3.31848860201549,2.70183463247822
"TCGA.55.5899.01A.11H.1627.13","tumor",5.10661593109104,3.50170089004511,2.05011705495219,2.71095497157594,1.12562199510915
"TCGA.70.6722.01A.11H.1819.13","tumor",5.4629527461536,2.24554284525563,1.48319705604544,2.62330877897447,1.35499086176429
"TCGA.77.A5GH.01A.11H.A27R.13","tumor",5.48556517621554,4.00878842894333,1.71320307053172,1.54831626737896,1.76727656782996
"TCGA.49.AAR2.01A.11H.A39B.13","tumor",6.29710171424974,3.09447001839789,2.21482117875518,1.60296125619606,0.812668330534403
"TCGA.78.8662.01A.11H.2402.13","tumor",5.45319627640884,2.54385178957387,2.27528301955077,2.20076992200177,0.994007087066837
"TCGA.56.8083.11A.01H.2246.13","normal",6.18146400307481,2.02481003283701,0.80461978452759,1.67072443138532,-0.20208703736837
"TCGA.44.6146.01A.11H.1754.13","tumor",6.24526249690171,3.30467681215534,2.64560843132987,2.70952094194217,0.601289216024159
"TCGA.64.1681.01A.11H.2065.13","tumor",6.28260221620237,2.06198125813666,0.898454950887596,0.342277802337198,0.0296802289067384
"SRR14634271","normal",5.58968008044232,3.16828903182755,1.69996707532428,1.76758074452848,1.16105848330263
"TCGA.55.1595.01A.01T.0947.13","tumor",5.78416196129903,4.2052798995522,2.66510354357543,1.64224530789885,1.34294341205353
"TCGA.77.8130.01A.11H.2246.13","tumor",5.91160056217276,2.49467830380392,2.14830957821106,2.40015261743574,1.98705925152322
"SRR6757432","tumor",3.67481618417474,2.50700794083408,1.84200865787171,2.27692331112693,1.34729151276012
"SRR14634356","tumor",5.30361621012397,3.91923060629724,2.29277844332246,2.91861700851029,1.25841608580246
"TCGA.77.8150.01A.11H.2246.13","tumor",5.55693523033273,2.08812633171066,1.65106230703991,1.72651490000311,0.820453995226237
"SRR6757418","tumor",4.81700792138684,1.85598685659513,1.95137780862864,2.26748583802467,1.35258162792378
"TCGA.85.7696.01A.11H.2124.13","tumor",5.9988551175671,2.87524619156266,2.26535365929563,2.0927825534012,1.44087125583244
"TCGA.95.A4VP.01A.21H.A263.13","tumor",5.25310203627622,2.55517521401802,1.50155472916068,1.38357981290145,0.761196821706791
"TCGA.NJ.A4YF.01A.12H.A263.13","tumor",5.03735307658513,2.43729998012884,1.50281913043965,2.08299607434861,0.437824512992865
"SRR6757384","tumor",5.70532748947159,3.5422649354916,2.34787720551618,2.29653329728421,1.34659139343962
"SRR14634285","normal",6.06234245199682,2.84321202140967,2.49119480163176,2.79098472500125,1.21540690638705
"TCGA.05.5423.01A.01T.1627.13","tumor",5.6060951495826,2.94539600796077,1.45488997941955,3.03089913698877,0.451189355280251
"SRR6757467","normal",5.28021235395881,2.98829785791591,1.76049406888708,2.29533708161386,1.34558404657133
"TCGA.90.A4ED.01A.31H.A25B.13","tumor",5.04976857969362,3.10032593706874,1.60443632149535,1.03521839214414,0.280735313152734
"SRR6757417","normal",6.75437730518062,2.88486835599489,2.03318654790069,2.28473460610537,1.34751492388397
"TCGA.LA.A7SW.01A.11H.A404.13","tumor",6.00178470360639,2.84163300743501,1.88784478268578,2.08351704501558,0.573344351405848
"TCGA.43.7657.01A.31H.2124.13","tumor",6.23041850365688,2.74415254937872,2.60976216714626,2.57439950302862,1.92816855073729
"TCGA.77.7337.01A.21H.2044.13","tumor",5.85702657470104,2.82838736642314,2.33463161469212,2.28178500068268,1.91129141655728
"TCGA.39.5040.01A.21H.2124.13","tumor",6.28209492897751,2.922079086772,2.34510733800921,2.53229943864416,1.45368637227924
"SRR6757437","normal",5.9950747757718,2.49514166397498,1.73848683848889,2.26978332284912,1.35103400745818
"TCGA.56.7222.01A.11H.2044.13","tumor",5.90802284942481,3.22034212753902,2.67242337717712,2.92441491979825,2.47173701583291
"TCGA.05.5425.01A.02T.1627.13","tumor",5.33504078013928,2.9059823009279,1.84438335189137,3.2879306009464,0.99587129181998
"TCGA.49.6743.11A.01H.2169.13","normal",6.58066995565791,0.968044012966904,0.497082596339362,1.69838825887599,-0.456270078510128
"TCGA.56.7580.01A.11H.2044.13","tumor",6.21828156557079,2.6438651361568,2.51264047553109,2.62729912805489,2.1597495655063
"TCGA.91.6829.01A.21H.1857.13","tumor",5.32297885456065,1.90849589386187,0.92073808921877,1.03440744359415,0.239580605976519
"TCGA.49.6744.01A.11H.1857.13","tumor",4.93775466080099,1.88617935015189,0.551088010785017,1.27656685471659,0.159701415590685
"TCGA.62.8394.01A.11H.2325.13","tumor",5.42211867750961,2.2540843497417,1.95247326391457,1.3919538304866,0.700977952275622
"TCGA.22.5473.01A.01T.1634.13","tumor",6.19175668274321,3.24439211758357,3.23257677655139,3.95918696650369,2.94208261746147
"SRR14634288","normal",6.36546017217853,2.22484112377624,0.81121343243001,0.908051746627446,1.14136748424025
"TCGA.55.8302.01A.11H.2325.13","tumor",5.46817093939877,2.66961106956959,1.76954689006714,2.23833345872815,1.51186147822004
"TCGA.38.6178.01A.11H.1754.13","tumor",6.3505998192596,1.78687858818484,0.784378797298048,1.32841333131281,0.301591469340338
"TCGA.J2.8192.01A.11H.2240.13","tumor",5.29993506568255,2.92341867379335,1.71974395819683,1.73774084167295,1.99753274074216
"TCGA.38.4625.01A.01T.1207.13","tumor",5.47287844793546,3.52506672663029,2.25958085242386,3.86684070478341,1.3260830402989
"TCGA.34.A5IX.01A.12H.A27R.13","tumor",6.00249174481626,2.35198987843347,2.56344486249133,2.23974812514979,2.29436277433633
"SRR14634360","tumor",5.81572653414628,3.39655751397895,1.81751018227408,2.0813990763414,1.19289162894473
"SRR6757450","tumor",5.60145064685774,2.87782850505584,2.32643467227796,2.46525995256229,1.38495990724101
"TCGA.39.5035.01A.01T.1442.13","tumor",5.2823257007031,3.17981898919246,2.31106179824787,3.4538438514214,1.93794919947102
"TCGA.85.7710.01A.11H.2124.13","tumor",6.45665527023722,3.46003573411875,3.35360126299755,3.57800675918407,2.7311460288404
"TCGA.85.8072.01A.31H.2246.13","tumor",6.30949387354647,2.64888009395769,2.06722876770248,2.32643980169257,1.63005470524128
"TCGA.78.7540.11A.01H.2065.13","normal",6.59396989988733,1.01223477598347,0.586588661264008,0.294786534244796,-0.439858620846945
"TCGA.95.7947.01A.11H.2186.13","tumor",5.57538544595008,3.37646998770319,1.57887123089305,2.15808883871866,0.128318362805013
"TCGA.O2.A52V.01A.31H.A263.13","tumor",5.54328313958661,2.66976435546327,1.80282813233977,1.63850311469133,1.0901123157475
"TCGA.64.5774.01A.01T.1627.13","tumor",4.45831118526612,2.13168909981681,1.60043668015741,2.05288306885229,0.792668878145159
"SRR6757454","tumor",5.7194361411629,2.94133375315284,1.77460669605451,2.2523962039697,1.34575294166164
"TCGA.50.6594.01A.11H.1754.13","tumor",5.00808986181841,3.78880556562785,1.86363409621338,3.02141455936733,0.832476002563423
"TCGA.44.2668.01A.01T.0947.13","tumor",5.75110766788625,4.40156863992461,2.28167244272179,2.17448367728514,1.55655866426941
"SRR6757395","normal",6.74984735790868,3.18470328351089,1.77863792763279,2.30488553210419,1.35109947028983
"TCGA.90.7767.01A.11H.2124.13","tumor",5.19398747274873,2.50404814995901,1.92032732751785,1.61442488440305,1.41545498213436
"TCGA.56.7582.11A.01H.2044.13","normal",6.40732742503443,1.6137803044823,0.925311582850903,1.30262970954459,-0.373689188030763
"TCGA.50.7109.11A.01H.2038.13","normal",6.42772388816228,1.29600435510169,1.03099712656942,1.24962940975401,2.02738359021519
"SRR6757457","normal",6.17233327770441,3.50150722864726,1.82761611899603,2.36541701444288,1.36289159981232
"TCGA.05.4422.01A.01T.1207.13","tumor",5.97961015958067,3.68378265292204,3.25478437108528,3.70852720719085,2.35879245022397
"SRR14634348","tumor",5.69011255442057,3.34528770910533,3.69580398618237,3.96042773746391,2.14737563708958
"TCGA.33.4587.01A.11H.2124.13","tumor",6.3844841615399,2.61797368821071,2.35716074295839,1.82812482675881,1.34516868271335
"SRR14634286","normal",5.91794090804293,2.58731847770748,2.49145997187162,3.13858878871091,1.17257007061173
"TCGA.77.7138.01A.41H.2044.13","tumor",6.51910938184911,2.80041441374882,2.72994915410322,2.78141427979597,2.02794030484213
"TCGA.33.AASD.01A.11H.A404.13","tumor",5.85420874599649,2.68971277478011,1.73697082904289,1.50878466591507,1.00183188440415
"TCGA.93.7348.11A.01H.2038.13","normal",6.67355654050671,1.02192211956815,0.385317183074835,0.503567639284356,-0.553671358844156
"SRR14634365","tumor",5.84522839656377,3.69633988069587,2.39878263974126,1.6130075551036,1.21617698964935
"TCGA.63.A5MV.01A.21H.A26V.13","tumor",5.93721571169161,2.89631130680168,2.28803386913485,2.35293988007275,1.73132193677325
"SRR14634335","tumor",5.47827485289096,3.17655841508877,2.71590104545769,3.75104567549005,2.34237632589233
"TCGA.22.5472.01A.01T.1634.13","tumor",5.82487937238985,4.32543239118338,2.20076479660326,3.99776631503049,1.62046987012101
"SRR6757442","tumor",3.75900891865692,1.94280900296759,2.44842460595355,2.29687487944422,1.35439396289432
"TCGA.85.A5B5.01A.21H.A26V.13","tumor",5.67777714443721,2.42330273334117,1.97595045173304,2.16094861533546,1.34933239269619
"TCGA.77.A5G7.01B.11H.A27R.13","tumor",5.11782488155169,2.83405438647456,2.50667396831967,3.38039636698995,2.42414909834972
"TCGA.MN.A4N1.01A.11H.A24S.13","tumor",5.44431275098316,2.43361599604066,2.02843267511204,1.5165696481884,1.03887238124698
"TCGA.44.6144.11A.01H.2169.13","normal",5.42852099235346,2.12176729121567,0.950675483870222,4.35789225744242,0.331859581442996
"TCGA.55.8512.01A.11H.2402.13","tumor",6.52067859022535,2.39156236407885,1.15530325584938,2.91435821641554,-0.0481320371329185
"TCGA.56.8629.01A.11H.2402.13","tumor",5.78097800740705,2.61403897562891,2.01444409374307,2.049773206451,1.78549879326403
"SRR14634255","normal",5.18568564659202,2.79551343074353,1.45537100510629,1.4468582652551,1.14136748424025
"TCGA.98.A53I.01A.31H.A263.13","tumor",4.85789714759222,2.12915007022973,1.39051401289302,1.57528973987971,0.740195429209552
"SRR14634361","tumor",5.99110419714134,3.09677176444264,1.95071884155475,1.36345991055879,1.16530441050735
"TCGA.55.7576.11A.01H.2065.13","normal",6.27622264614185,1.6154843030983,0.857050503157294,1.82644667309333,-0.0647673008030466
"TCGA.77.8148.01A.11H.2246.13","tumor",6.28220477435461,3.81702925048027,3.71900645677885,3.78683087396884,3.09922741553792
"SRR6757402","tumor",5.27202961814103,2.94968128920313,1.70472200600188,2.21510999355423,1.34409290037933
"TCGA.67.3773.01A.01T.0947.13","tumor",6.56201362367364,3.28576495732679,1.23031023451493,0.558333263080431,0.144830762878123
"SRR6757466","tumor",3.83691877841306,3.39045190530644,2.10257160438144,2.2777685338912,1.3558999437825
"TCGA.44.2659.01A.01T.0947.13","tumor",5.25300711528099,6.10172992036564,1.46465930684315,0.708692776068259,0.860372894157005
"TCGA.98.A53B.01A.11H.A263.13","tumor",5.53002645993265,2.53042496612842,1.5425376938161,1.20710383516846,0.507475665446251
"TCGA.55.7903.01A.11H.2169.13","tumor",5.75774849916555,2.4735092204839,1.81852243025274,2.68337515250213,1.66554376636069
"SRR14634311","tumor",5.54570052555193,3.27830949762495,2.69765046833609,3.52855844289834,1.52512606294694
"TCGA.55.7726.11A.01H.2169.13","normal",6.78174975519355,0.17270884165518,0.331219853847779,0.16819823766205,-0.548941659911437
"TCGA.97.A4LX.01A.11H.A24S.13","tumor",6.04958729015447,2.93687667949207,1.4782195952813,1.63435986308289,0.410994602199485
"TCGA.55.7914.11A.01H.2169.13","normal",6.63723157745225,1.01009725271001,0.500028382631006,1.7239486079065,-0.353235720984256
"TCGA.49.AAR3.01A.11H.A41D.13","tumor",5.77543755069072,3.11261994902074,1.55397616243324,1.2378398501239,0.342143356200561
"TCGA.62.8398.01A.11H.2325.13","tumor",5.27335142974593,3.58232920138111,3.06695921950116,3.66667045396307,2.36836516221327
"TCGA.86.8075.01A.11H.2240.13","tumor",5.40669933575623,2.87872334554613,1.94261854278637,1.4656927526349,1.46392891263895
"TCGA.52.7811.01A.11H.2124.13","tumor",6.18261758628684,3.28186300729712,3.14366133625142,3.53342138910836,2.52017210062565
"SRR14634342","tumor",5.32863196742241,2.49504724513102,2.42234738751397,1.6484280892335,1.51134935477813
"TCGA.60.2711.01A.01T.1557.13","tumor",5.60606389786544,4.74391381612432,2.70592644201606,2.20881255118955,2.32465105234435
"TCGA.60.2695.01A.01T.1557.13","tumor",4.07003324328526,2.72151286920687,1.66961627029568,1.00033197516781,0.836036097081561
"TCGA.77.7465.01A.11H.2044.13","tumor",5.82441678428376,2.41023443786423,2.1389201029598,1.80464088790454,1.29122937139721
"TCGA.52.7809.01A.21H.2124.13","tumor",5.98369727430708,3.45285426509664,3.24478884054408,3.15758319662114,2.64311815508947
"SRR6757458","tumor",4.9944325737593,3.53600686362715,1.99766854378129,2.38881207847177,1.36898519252875
"TCGA.55.7907.01A.11H.2169.13","tumor",5.79875164434889,2.70962671537651,1.44614635067431,2.11513341641915,1.24522211061189
"TCGA.44.7662.01A.11H.2065.13","tumor",4.83372340369165,2.23785540933611,0.967840829820902,1.54097834994311,0.708297640179577
"TCGA.60.2720.01A.01T.1557.13","tumor",5.79538001687847,3.45018884859143,1.36561902678082,1.18968806533599,1.41260567181215
"TCGA.50.5944.01A.11H.1754.13","tumor",6.02891025794642,1.62286936207019,0.743834437054578,1.41636731555123,0.658089614580211
"SRR14634264","normal",5.72062764729373,3.73757312457565,2.23552410614628,3.76132004533657,1.3872249247334
"TCGA.44.7662.11A.01H.2065.13","normal",6.08420311150421,1.58410779943462,0.785361919912519,3.08467023791222,-0.167527660217969
"TCGA.22.5480.01A.01T.1634.13","tumor",5.20907967472249,4.78317240004451,2.4184052975493,3.68553686002202,1.59627706525783
"TCGA.56.8623.01A.11H.2402.13","tumor",6.56142153148073,1.32180640352361,0.889280030486141,1.73225840840072,-0.13457384515005
"TCGA.56.7731.01A.11H.2124.13","tumor",6.20160523993028,2.47496846180156,2.02509559207768,2.26271030146153,1.51137656655637
"SRR14634307","normal",6.14269069190878,2.56431992257598,1.27027537719947,1.08753729624464,1.14136748424025
"SRR14634325","tumor",4.96645432539143,2.92288442649819,2.91056381286337,3.47067327068261,1.36289079448434
"SRR14634261","normal",4.68075290618997,3.21419640386568,2.27894575474917,3.27164875492017,1.25293102511132
"TCGA.60.2722.01A.01T.1557.13","tumor",5.25274294649498,4.08442121177104,3.17089931670605,3.44038482527622,2.91278330946097
"SRR6757407","normal",7.30060962379031,3.17906646581863,1.6035624718417,2.21917992239639,1.34538242130589
"TCGA.56.7730.11A.01H.2124.13","normal",5.94587409008399,2.08918208061127,1.26643501899749,1.06212134940671,-0.0918978290600218
"TCGA.43.6647.01A.11H.1819.13","tumor",4.59149033251681,2.32821819055279,1.10642489461822,2.6884627483969,1.56738718508805
"SRR14634346","tumor",6.1012784590969,3.09288614181955,2.94265624287924,3.69591848403109,1.65671842148941
"TCGA.38.4630.01A.01T.1207.13","tumor",4.52403541777245,3.29592609661472,2.28215733553413,2.85655012103081,2.0235473575074
"TCGA.49.4490.01A.21H.1857.13","tumor",4.81180466060759,1.81140236856876,0.907075996265402,0.831675443096664,0.118615178775816
"TCGA.85.8481.01A.11H.2325.13","tumor",5.93859063037669,2.71752386966399,2.11645243529998,2.38179253034819,1.83644385944257
"TCGA.60.2704.01A.11H.2044.13","tumor",6.20226789486975,3.34177314986906,2.68164547422543,2.32205052694973,1.58171178649559
"TCGA.55.7914.01A.11H.2169.13","tumor",6.3494608422069,2.95698546078937,1.30821727166019,2.58261124264461,1.63367320942781
"TCGA.49.6742.11A.01H.2169.13","normal",6.70405405522606,1.05658166213134,0.395097457764635,1.2956450505691,-0.373466468163637
"SRR14634327","tumor",5.76290014679223,3.10555221078723,3.39093027161333,4.15493679768733,2.34895530666525
"TCGA.58.8386.01A.11H.2295.13","tumor",6.06637128004765,3.59452246294908,3.25440053193536,3.55433405682597,2.48941106300753
"TCGA.69.7761.01A.11H.2169.13","tumor",5.49707564089611,3.27560974699299,1.01215971263758,1.35690243102007,0.865457147337223
"TCGA.95.7567.01A.11H.2065.13","tumor",5.10709114370761,3.28664471447693,1.27879348739891,2.28205857159242,1.24169464294785
"SRR6757462","tumor",4.03600857423807,3.80861759758821,2.45090750987032,2.2534090447349,1.35953246757938
"SRR6757380","tumor",5.34183280932433,3.10700186055397,2.6994756420089,2.40835531296295,1.37746726332236
"TCGA.50.5930.01A.11H.1754.13","tumor",5.3323640598215,2.7744697511033,1.32280531905558,3.1042686731368,0.794487865345821
"TCGA.22.5483.11A.11H.2124.13","normal",6.05365268501639,2.94806294081516,1.91910630769344,1.87600651077274,0.508294976681341
"TCGA.97.8174.01A.11H.2286.13","tumor",5.80231335531151,3.81583785541864,2.39765725074999,1.94588314048355,1.28213567059942
"TCGA.63.A5MW.01A.11H.A26V.13","tumor",4.72162086468967,2.87128115625507,1.36056458854513,1.09215505012083,0.578335490392246
"TCGA.MP.A4T7.01A.11H.A24S.13","tumor",5.78260610618675,2.37621402642172,2.26262141691279,1.96155530326712,0.571638951751307
"TCGA.44.3396.01A.01T.1207.13","tumor",5.6396083722987,3.70860067584767,2.93263403470101,3.79489177813423,2.25342135583016
"TCGA.77.7335.01A.11H.2044.13","tumor",5.38052430316029,2.55632497103539,1.87002119128408,1.31465079806894,0.706384997682973
"SRR6757434","tumor",4.97022357681445,2.61804224836065,3.0968125111371,2.80952747526863,1.48982340169749
"SRR14634312","tumor",5.22844441772284,3.0488984731724,2.40144088157184,2.46438434992626,1.31875617404321
"TCGA.77.A5GB.01B.11H.A27R.13","tumor",5.39058609528981,3.31762974939691,1.69654111455881,1.50445500613104,1.39684944517156
"TCGA.85.7844.01A.11H.2124.13","tumor",5.6114245759614,2.68745538339115,2.10238847253653,2.11896499231027,1.26831481431548
"SRR6757464","tumor",4.63299392767985,2.20074684458141,2.84315270341231,2.65442382701076,1.3692763891221
"TCGA.50.5932.11A.01H.2169.13","normal",5.89564051942797,2.04725011537922,0.675118306293754,2.59485695407724,0.164646769902016
"SRR14634337","tumor",5.59164835731632,2.41268714692073,1.85814361956794,1.67256724391865,1.50894520288431
"TCGA.91.A4BD.01A.11R.A24G.13","tumor",6.43119640471182,2.23738095411678,1.22295735527278,0.391215772642023,0.355615600583923
"SRR14634242","normal",5.62432330529777,2.99805763382061,1.37568870079207,1.57223632417049,1.16859172034709
"TCGA.50.5932.01A.11H.1754.13","tumor",4.77031419246739,2.39844913228126,1.18323262081974,2.17655129092521,0.3243305006444
"TCGA.NC.A5HR.01A.21H.A26V.13","tumor",5.3750872785419,2.76658220338359,2.19080560132769,3.29164197393736,1.45427154985536
"TCGA.05.4398.01A.01T.1207.13","tumor",5.03053302581293,3.3094384242255,2.79595101835665,3.63639108317838,2.23299338081857
"TCGA.97.7941.01A.11H.2186.13","tumor",6.36969745914671,2.46019619861015,1.73733302425093,1.73675311183423,0.789973269032627
"TCGA.97.7554.01A.11H.2038.13","tumor",5.71314064217782,3.05965303794741,1.64008265135382,1.81094221615691,0.950337542063756
"TCGA.97.A4M3.01A.11H.A24S.13","tumor",5.10639401109153,2.17432783129061,1.42294719235549,0.713604375187606,0.0958661027431958
"SRR14634262","normal",6.11025153429216,3.75412568887834,1.82941919376514,4.46499643371716,1.23375119451802
"TCGA.56.A49D.01A.11H.A24G.13","tumor",5.68682308692502,2.86297515769304,2.70736075368565,2.95025494265636,2.27328845454453
"TCGA.55.8090.01A.11H.2240.13","tumor",6.3675145862295,2.37377956826515,1.76630345739779,2.44266543116894,0.202475397697747
"TCGA.86.7713.11A.01H.2065.13","normal",5.68893977283357,1.93375828229031,0.570570647433147,2.17793711590422,-0.125262809872775
"TCGA.91.6831.01A.11H.1857.13","tumor",4.57745146188946,2.92344046270114,1.14468798504452,2.15420626417591,1.15599653016818
"TCGA.56.A4ZK.01A.11H.A263.13","tumor",6.11860290618953,3.13960085738083,2.60630750149111,2.91610271078007,2.15882268663079
"SRR14634247","normal",5.79245556965704,2.664310088753,1.34366910041491,1.39472296320221,1.15932424274819
"SRR6757429","normal",6.64841161988382,3.67128430149334,2.04686459542585,2.32027031693752,1.34289461982598
"TCGA.34.5929.01A.11H.1819.13","tumor",5.95907390149803,3.00066313514216,2.89715112015325,3.23198871544187,2.45219606739982
"TCGA.55.7570.11A.01H.2038.13","normal",6.34717303439188,1.82905702631475,0.764881212199364,2.39430084921554,0.276184648229916
"TCGA.69.7760.01A.11H.2169.13","tumor",5.47371185605366,1.58899641991111,1.04157481415058,2.02072329028471,1.32843335180136
"TCGA.66.2789.01A.01T.0981.13","tumor",6.1670087458535,3.74249557536623,2.57362426468879,1.72673721215595,1.30119509099307
"TCGA.58.A46N.01A.11H.A24G.13","tumor",5.55256779339102,2.69812742567321,2.15289426376857,2.99483724828615,1.45280396202142
"TCGA.56.1622.01A.01T.1557.13","tumor",5.70028827474979,4.13826717180094,2.97262866588322,3.01011938792502,2.74943054928108
"SRR14634243","normal",5.42621450448264,2.80804402000872,1.07808859660928,1.472051972901,1.14136748424025
"TCGA.44.A479.01A.31H.A24G.13","tumor",5.03113827834926,3.83857955296043,2.0536714549883,1.34934840882472,1.09322055823731
"TCGA.MP.A4T9.01A.11H.A24S.13","tumor",6.17802252816824,1.93918461759474,1.40676639239366,1.10572694153922,0.687177837716498
"SRR14634297","normal",5.91649499260898,4.58678981864216,2.91342086252336,4.26741131788489,1.53451473173561
"SRR14634281","normal",6.24139343458518,1.86981041677551,1.13978828663365,1.44819531751418,1.1635998559476
"SRR6757436","tumor",5.04730634163003,3.09922592949875,2.11381578898441,2.32840159826019,1.35859787374558
"TCGA.63.A5MM.01A.11H.A26V.13","tumor",5.59438135364656,2.51366171031588,1.87211433750829,1.82241930148995,1.2022924006596
"TCGA.MP.A4TK.01A.11H.A24S.13","tumor",5.12386081841061,2.91675111873663,1.80007091461533,1.24270508090645,0.845138867561736
"TCGA.77.8008.01A.21H.2186.13","tumor",4.83385243711057,2.6900687293667,1.8265029739235,1.17734120889784,1.09939300591589
"TCGA.49.6745.01A.11H.1857.13","tumor",5.20705494143802,2.27417741739456,0.943303353383293,2.0353948257373,1.1980888162078
"TCGA.L9.A8F4.01A.11H.A39B.13","tumor",5.53964116080756,3.46375579505742,1.75394353839309,1.76771152826057,0.524302582407483
"SRR14634353","tumor",5.86182966947191,3.85072428808699,2.4064629241059,2.55488776134249,1.27173215503888
"TCGA.58.8391.01A.11H.2325.13","tumor",5.78014771176181,3.79825020834337,3.20788291068782,3.70223964532066,2.84286289565358
"TCGA.77.8007.01A.11H.2186.13","tumor",6.19916347702801,3.86377873014877,3.80529514424808,3.45037506130168,3.13544001018828
"TCGA.22.4591.01A.01T.1517.13","tumor",5.94998638945674,4.98793647029136,3.51647561361661,3.19864809135215,3.38823705341795
"TCGA.05.4432.01A.01T.1207.13","tumor",5.20972349831205,2.83827063114372,2.25434275378223,3.64129360532159,1.72036018853061
"TCGA.49.AARR.01A.11H.A41D.13","tumor",5.28343961589279,2.78810826393805,1.29080874482306,1.29928427840923,-0.192190465620551
"TCGA.56.8307.01A.11H.2295.13","tumor",5.41626849874182,2.98431067493128,2.42297990532738,2.21640373854636,2.14241195028939
"TCGA.34.8454.11A.01H.2325.13","normal",6.55797948162226,1.40306135528863,0.705094494046999,0.136346598634267,0.744713334737411
"SRR14634279","normal",5.48595650635083,2.64082787302792,1.74043417345798,1.69308881088024,1.169697729526
"TCGA.66.2753.01A.01T.0981.13","tumor",5.84085129826681,4.70890962244635,2.95601800060343,2.84380918815111,2.70997976881114
"SRR14634331","tumor",6.16214725485909,3.07194626322439,2.14406569880022,2.27189747623071,1.20710687654079
"SRR14634339","tumor",5.17971483716775,3.00847552815018,2.64571999712201,2.02591784001872,1.48003966416921
"TCGA.78.7147.01A.11H.2038.13","tumor",6.3432260536801,1.9064762964954,0.867154711753407,1.23554024601841,0.579781781680021
"SRR14634241","normal",5.37969637791055,3.35561659035561,1.2389261244878,1.91488809499532,1.14136748424025
"TCGA.73.7499.01A.11H.2186.13","tumor",4.96715512913824,2.91065720942623,1.39661675114246,1.46283080410995,0.697596304255623
"TCGA.44.7672.01A.11H.2065.13","tumor",5.68803892364938,2.93286508839183,1.5100407659506,2.49861694322378,1.83328354000067
"TCGA.86.7711.11A.01H.2065.13","normal",6.1158375997714,1.93815263454047,0.647648724276454,2.09756894711248,-0.216347514291361
"TCGA.86.8359.01A.11H.2325.13","tumor",4.87004100451041,3.25548426564032,2.77464007603442,3.95937478602651,3.91757410870624
"TCGA.44.3398.01A.01T.1108.13","tumor",5.00546304222422,4.23724334517906,2.2477108637396,1.54220687303646,2.03817843965449
"TCGA.85.7699.01A.11H.2124.13","tumor",5.70261526540464,2.84238158716541,2.22612498605803,1.81621930020921,1.62302432280822
"TCGA.44.7669.11A.01H.2065.13","normal",6.55765875633841,1.31435574068742,0.542008724631397,1.9949057712539,-0.420237957013501
"TCGA.33.6737.11A.01H.2124.13","normal",6.20869623900742,1.82661689790794,0.731842718407468,2.11059537849919,-0.0987701771403375
"TCGA.75.5147.01A.01T.1627.13","tumor",5.45318467962593,3.11482022143282,1.88051293791657,2.80013364310918,1.35595982690752
"TCGA.64.5778.01A.01T.1627.13","tumor",5.86760536316561,3.25198974702658,2.20099550107441,2.75756701655197,0.888459902864556
"SRR14634239","normal",5.85812930025152,2.6542324106417,1.17538850525656,1.51507556087896,1.19997334947438
"SRR14634345","tumor",5.57498024913918,3.40215345639347,3.50350436012283,3.92314178653979,2.0704465825502
"TCGA.62.8402.01A.11H.2325.13","tumor",5.42526866442182,2.81211939809842,2.62461495455992,3.0656735464314,2.06369166436596
"SRR14634260","normal",6.03139563899833,2.53082742846434,1.27482001661811,1.6572874645271,1.16506549711168
"TCGA.18.3411.01A.01T.0981.13","tumor",6.09577221048814,3.2709085954922,2.11177621638318,1.9223954584617,1.49476705545311
"TCGA.44.7672.11A.01H.2065.13","normal",6.63049811784112,0.481485711994876,0.462208563479844,1.15310764704995,-0.340276140854349
"TCGA.55.7574.01A.11H.2038.13","tumor",5.58918356162622,3.16518123049817,1.10217067885318,2.21576600957253,1.19015679744754
"TCGA.46.6025.01A.11H.1819.13","tumor",5.61378336543488,2.65786390360213,1.9190260583834,3.03153751093376,2.2638189679003
"SRR14634304","normal",6.12538721610887,3.77322748840012,2.05041521460977,3.56296243061325,1.32887912848149
"TCGA.75.6203.01A.11H.1754.13","tumor",6.48276387413177,3.21417057455624,0.963021707567826,2.55396979980634,0.238455210553935
"TCGA.33.AAS8.01A.11H.A404.13","tumor",6.05233656799424,3.32186259654831,2.18340243603073,2.33538845881919,1.39903492288001
"TCGA.NJ.A4YP.01A.11H.A263.13","tumor",5.79047532207224,2.41591550590827,1.86096462612577,1.06168867610202,0.92656846256919
"TCGA.77.7142.01A.11H.2044.13","tumor",5.9829758673722,2.7405649967599,2.03953871201719,2.18715667515882,1.89187539102921
"TCGA.MP.A4TE.01A.22H.A263.13","tumor",5.94371030956452,2.95680129321854,2.16863418643888,1.75073572412172,1.38963257344961
"TCGA.78.7163.01A.12H.2065.13","tumor",5.69806948795081,2.91509246400409,1.37311821485415,1.38489855370517,0.477135490443468
"SRR6757451","normal",5.09493355846612,1.75796428436345,1.51829265275789,2.23641619832869,1.34751653380539
"SRR6757416","tumor",5.87472533941922,3.27642109959555,1.76119043405448,2.22553095970291,1.3454331013131
"TCGA.93.A4JN.01A.11H.A24S.13","tumor",5.77460387497486,2.78345323582066,1.26555401921395,0.734831181910744,0.291881635245024
"TCGA.55.7911.01A.11H.2169.13","tumor",6.05019616799327,2.06462683360302,1.18795280392874,1.78313990823431,1.28335546572177
"SRR14634350","tumor",5.68916535266338,3.42437175579961,3.52314070791413,4.26157422562385,1.98928574253012
"TCGA.44.7659.11A.01H.2065.13","normal",6.29328798128772,1.54667061344354,0.703706966562885,2.10561928587922,-0.1206549191267
"TCGA.55.7725.01A.11H.2169.13","tumor",6.3749544491736,1.90406078436449,0.907524879883219,1.2791945213276,0.781280976132927
"TCGA.55.7910.01A.11H.2169.13","tumor",5.62972882945264,2.64041871155603,1.3945841647985,2.06071074905074,1.54938642005738
"TCGA.NJ.A4YQ.01A.11H.A263.13","tumor",4.62466978466277,2.6874711004009,1.26179045290916,0.677736734745576,0.25682625397724
"SRR14634267","normal",6.17640195910275,2.7100890804504,2.94523986914602,3.32043770481618,1.20498769270155
"TCGA.64.1680.01A.02T.0947.13","tumor",6.30892571175616,2.9463616618228,1.17142463190999,1.18878657694055,0.62692474852471
"TCGA.69.7765.01A.11H.2169.13","tumor",4.41004327793377,2.10736630713229,0.655165845203821,0.420961572764259,-0.139652879186819
"TCGA.86.8056.01A.11H.2240.13","tumor",6.51733646292242,2.17070517519262,1.70888948105805,0.999709669034898,-0.0556647683477199
"SRR14634351","tumor",5.50658915788087,3.6340670335468,1.99101779155111,1.91717143363797,1.16304130214563
"TCGA.44.7660.01A.11H.2065.13","tumor",4.44693406522751,1.92688168001161,1.07679766971297,1.20106931446979,0.802344959600722
"TCGA.63.A5MU.01A.11H.A26V.13","tumor",5.71142565027663,2.8003051700922,2.50065084393984,2.59393697427929,1.90116976525005
"TCGA.55.8514.01A.11H.2402.13","tumor",5.59057841985039,2.86334878134515,2.00042990864981,2.33036031099278,1.18277523835311
"TCGA.56.8624.01A.11H.2402.13","tumor",6.26785548480734,2.77065352276798,1.43143323428021,1.54764293671758,0.491746638269727
"TCGA.58.A46M.01A.11H.A24G.13","tumor",5.41700351103935,2.93195667818585,2.00615936160365,1.74475943092704,1.19819611045468
"SRR14634336","tumor",4.99336142907328,2.69216789865697,2.32519029553522,2.44772203559064,1.31196026789469
"TCGA.39.5036.01A.01T.1442.13","tumor",5.66118886357992,3.52107597078461,2.93410334099411,4.18524991359594,2.58984861639424
"TCGA.63.A5MY.01A.11H.A26V.13","tumor",5.4516091362946,3.25013529827454,3.07199473468845,3.49108766245326,2.83639675365108
"SRR6757412","tumor",5.64713610821637,3.38867992116645,1.76800035043686,2.3979828507128,1.34869361346716
"TCGA.56.8622.01A.11H.2402.13","tumor",6.03295119322105,2.74983527058955,1.83724496878497,2.62851019480744,1.76420881458131
"TCGA.43.5670.01A.21H.2124.13","tumor",6.36545784882312,2.50259752067374,2.28933987997512,2.08817729827656,1.68037565691005
"TCGA.44.6145.01A.11H.1754.13","tumor",6.16357743651329,2.42070267949939,1.81150065485236,3.27923782567964,3.66117246435469
"TCGA.97.8172.01A.11H.2286.13","tumor",6.78953139829283,1.48668896691112,1.01908919923567,0.210737119437231,0.104314971709724
"SRR6757399","normal",7.42699550325492,2.92415926721038,1.62408925302666,2.25400017074422,1.34737577254949
"SRR14634278","normal",5.65717892461383,3.15735540408529,2.85791952370161,3.60782367914845,1.26459614921069
"SRR6757423","normal",5.43352155536622,1.85451022540367,1.55845141215601,2.23495977773012,1.3443725113349
"SRR14634268","normal",6.27035747345575,2.02680136497439,0.88529663057123,0.93189660894848,1.14136748424025
"SRR6757406","tumor",6.37199450221779,2.67258152037374,1.65123171334541,2.2769313710466,1.34985865476215
"TCGA.33.6737.01A.11H.1819.13","tumor",5.8323045235007,2.454271041608,2.32588358384798,3.23600206533689,2.06324915336728
"TCGA.93.A4JQ.01A.11H.A24S.13","tumor",4.85279287974557,2.39743868980447,1.63347739493585,1.90816933327685,0.233397509112323
"SRR6757439","normal",6.5186699314082,3.37864616210226,2.47023957460418,2.57297478960863,1.35621724003682
"SRR14634250","normal",5.88853693196394,2.67579865237969,1.05711825797548,1.31724496288109,1.16547357491978
"TCGA.43.6773.01A.41H.1948.13","tumor",6.28537749403069,3.84348066704751,2.88973793775337,2.75409167373886,1.41544869750468
"TCGA.56.7731.11A.01H.2124.13","normal",6.23127083234541,1.88706259405308,1.55601712141119,1.61993465398679,0.210730559703124
"TCGA.22.5479.01A.31H.1948.13","tumor",6.13013644906004,3.52960409966198,3.17857063560995,3.29696302432311,2.35760850900506
"TCGA.75.6206.01A.11H.1754.13","tumor",5.88363086927211,2.76723228758865,1.41360987296915,2.50509623866665,0.725007148791693
"SRR14634334","tumor",5.63316250811665,3.63572451483878,3.45598107842943,3.93751039098463,2.24176916841091
"TCGA.91.6835.11A.01H.2169.13","normal",6.33986191876755,1.13667572684737,0.532667088568763,0.246472916743633,-0.10346031266299
"TCGA.50.5942.01A.21H.1754.13","tumor",6.56155004476472,1.76830732169961,0.872402917128796,2.27142210704453,0.979828559309873
"SRR6757420","tumor",4.6686405415636,2.68194864512194,2.32466981833749,2.27807663188891,1.34924472698273
"SRR14634370","tumor",5.96292301153509,3.91150773681042,2.32031287712787,3.01750963755693,1.28226848406527
"TCGA.91.6836.11A.01H.2169.13","normal",6.53937711278301,0.912204811715906,0.559368870868708,1.96758007872665,-0.285654878613009
"TCGA.55.7903.11A.01H.2169.13","normal",5.92647621668395,1.91248245104397,0.739141594370641,1.42252629459708,-0.117123537571646
"SRR6757421","normal",7.02657551958687,2.9580825277857,2.07902415507829,2.22527879201491,1.34517826664657
"TCGA.O2.A52S.01A.11H.A263.13","tumor",5.61919695273087,2.64324202068276,1.79480603512116,1.19583577111482,0.592882547040951
"TCGA.49.AAR9.01A.21H.A41D.13","tumor",6.382009513474,3.47962939982093,3.42697885864683,3.47528781107839,2.98108405459763
"TCGA.56.A4BY.01A.11H.A24G.13","tumor",6.26478492394529,3.14043617793391,1.92344573966734,2.4501924837108,1.57471498797426
"SRR14634269","normal",6.12514899948727,1.94682287691329,1.06822589865364,1.25021532384822,1.16268412126136
"TCGA.44.3398.11B.01R.1757.13","normal",6.65738115790065,3.81896874112253,2.41556819761456,4.26695568916746,1.51305332429906
"TCGA.52.7810.01A.11H.2124.13","tumor",5.86991393300883,3.49792698432911,3.18082121875971,3.25029046000432,2.85077936756235
"TCGA.66.2791.01A.01T.0981.13","tumor",5.85427201794377,4.48224114842963,2.76563377489567,1.54727720898349,1.76615969167388
"TCGA.22.1011.01A.01T.1557.13","tumor",5.63327971125919,4.79593006269839,2.86374978411785,1.77077836779672,1.7110226837956
"TCGA.56.7823.11A.01H.2246.13","normal",6.43144880756595,1.31598593394176,0.63260995484364,1.73377237864797,-0.311058553794487
"TCGA.44.6144.01A.11H.1754.13","tumor",5.61538487896105,2.37874438751194,1.670994100963,2.36910109650035,0.328868116621833
"TCGA.55.8614.01A.11H.2402.13","tumor",6.00413915603396,2.36915670569194,1.51531281232937,1.66639320026882,0.887321651989661
"TCGA.95.8494.01A.11H.2325.13","tumor",6.06611804668977,3.74658453256544,3.3968798742503,3.62449948105674,2.81928517574763
"TCGA.21.1080.01A.01T.1557.13","tumor",5.9106896053409,4.56429126080063,3.11527446236598,2.86787794275777,2.81440218656429
"SRR14634252","normal",5.95250913780334,2.73242631112969,1.27874548864058,1.57675019136152,1.16406503136451
"SRR6757431","normal",6.10473062248261,3.13370694521499,1.64243435017368,2.29397437657218,1.34676336715544
"SRR14634318","tumor",5.62829342765557,4.19546626883044,3.33489874814017,4.1984010210045,2.02086615413636
"TCGA.58.8386.11A.01H.2295.13","normal",5.77171935296629,3.0268443241083,1.21397197649816,2.37076177086409,0.13378543318473
"TCGA.91.6848.01A.11H.1948.13","tumor",5.02971898532683,3.87268469554913,3.33774963525239,4.12493652595669,5.39871580997167
"TCGA.34.2609.01A.01T.1557.13","tumor",5.62288160953129,4.36379928222952,3.03444139572846,2.73390182108354,2.70808161488697
"TCGA.44.2655.01A.01T.0947.13","tumor",5.5377249228388,3.57716513502548,1.82337541792654,1.5596318174705,0.464030627397511
"TCGA.93.8067.01A.11H.2286.13","tumor",6.37569904102467,3.1969045715984,1.67771675743754,2.79273127269315,0.480611947087282
"TCGA.86.8671.01A.11H.2402.13","tumor",6.03932282883214,2.47145788449453,1.19381121143642,0.77399437153759,0.0612770717334625
"TCGA.62.A46P.01A.11H.A24G.13","tumor",5.66873018499675,2.51491166179211,1.59495108387828,1.01369736330383,0.152610172747902
"TCGA.58.8393.01A.11H.2325.13","tumor",5.56990704973549,2.89869622867207,2.65279011215072,3.40382671354201,2.24101658223772
"SRR14634237","normal",5.93437700798124,2.55148244336214,1.30623648252616,1.78305788763403,1.14136748424025
"SRR14634359","tumor",5.42638895799842,3.00425608442923,2.26698354597106,2.29556121349825,1.2711448366352
"SRR6757388","tumor",4.15118940566868,2.90008243358266,2.47284695777621,2.47270768768009,1.42071971827706
"TCGA.37.A5EM.01A.21H.A27R.13","tumor",5.27126193210016,2.78125117730543,1.52132070426887,1.59240415572209,1.05018617166496
"SRR14634280","normal",6.30218318316432,1.87494597797619,0.843963499254661,1.09433752256661,1.16414610530171
"SRR6757459","normal",6.73614767737487,2.64277139896706,1.63814238438888,2.26999399554786,1.34604297983435
"TCGA.43.8116.01A.11H.2246.13","tumor",6.07991145897044,3.32727341618881,2.67449703888153,3.14512208010308,2.49357764068791
"SRR6757425","normal",7.23059335486977,3.17567539961855,1.78992285846346,2.5017176851726,1.34884133614439
"TCGA.43.6773.11A.01H.2124.13","normal",5.66010982206395,1.79090800537466,0.794482184784885,1.58009998423268,-0.277652357181633
"TCGA.98.A53J.01A.11H.A26V.13","tumor",5.49081664718735,2.93565548347325,2.28404329795763,2.96062014483911,1.29920813423042
"TCGA.43.2578.01A.01T.1557.13","tumor",6.03027974138351,4.57874245436028,2.71374857887994,2.1570737565723,2.44603868825962
"SRR6757422","tumor",6.47470294872784,3.40066210481025,2.13595032029049,2.21403916628665,1.34950331858201
"SRR14634343","tumor",5.78540067474292,2.77200627496901,2.39270964724376,2.72591628695152,1.4640253185068
"TCGA.97.8175.01A.11H.2286.13","tumor",5.50206673197889,2.84234961801611,1.71602399183108,1.72470454536619,0.881538971652206
"TCGA.86.7953.01A.11H.2186.13","tumor",5.72553673645066,3.31627625377126,2.93539798461923,2.58304661636748,2.19789629544858
"TCGA.34.5232.01A.21H.1819.13","tumor",5.11497478496183,2.47009146672802,1.68337341484823,3.01444590834018,1.32264380856326
"TCGA.55.6982.01A.11H.1948.13","tumor",5.44097506382189,3.43546994313855,2.52020500297656,2.43216677166274,1.21749984534197
"TCGA.21.A5DI.01A.31H.A26V.13","tumor",5.65310352445552,3.17442574549123,2.54762350663441,2.4421945674082,2.43139778738022
"SRR14634290","normal",6.41404440786684,2.17124424046377,0.776225439535664,0.871845965944989,1.14136748424025
"TCGA.77.A5G8.01B.11H.A27R.13","tumor",5.28893053952693,2.45738318822848,1.81185475365222,2.0148368430965,1.48623416806691
"SRR14634292","normal",6.27648137974103,2.63788459151469,0.842945932144942,1.03601067577981,1.14136748424025
"TCGA.60.2716.01A.01T.1557.13","tumor",5.74316864539756,4.41464592313664,3.14646966670704,2.77972536253528,2.57810275226735
"TCGA.58.A46L.01A.11H.A24G.13","tumor",5.84306749535497,2.53604836724468,1.56236054502431,1.91862402856908,0.945585174852511
"TCGA.77.7337.11A.01H.2044.13","normal",6.40250739578861,1.94060845853012,0.988886912171934,2.04243559262559,-0.339966877124002
"TCGA.34.2596.01A.01T.1557.13","tumor",5.44063571327541,4.21063607355579,2.4080496338152,2.70252673427284,2.02785835329303
"SRR14634319","tumor",4.9313744747061,3.1587798145903,2.27606355813953,3.27363494875831,1.61028132976225
"SRR14634363","tumor",6.12697177322837,3.14640427479448,1.99200920003149,1.93834334119563,1.16330658376587
"TCGA.43.6143.11A.01H.2124.13","normal",5.9439400331047,2.62407151664168,1.36373673128195,2.04387100562561,0.514844629294413
"TCGA.78.7143.01A.11H.2038.13","tumor",5.3535951592468,2.17232550973105,0.955310153919643,1.06575471651719,0.672507179282141
"SRR6757435","normal",6.58752421891278,3.04697718185583,1.8675446652896,2.3229636271779,1.34790230101779
"TCGA.4B.A93V.01A.11H.A39B.13","tumor",6.4873826408829,2.90765281830862,1.94268145918227,1.04600773508364,0.501033852697884
"TCGA.05.4403.01A.01T.1207.13","tumor",5.51870533485951,3.0841901298902,2.09051106118234,3.49266986985413,1.65592618723831
"TCGA.39.5031.01A.01T.1442.13","tumor",5.58234566223387,3.41462656827018,2.81406319924606,3.47799047264859,2.10054692766548
"TCGA.56.8201.11A.01H.2246.13","normal",6.24550129830213,1.46598188392091,0.764138562807254,2.42425537840563,-0.0574472451984208
"TCGA.95.7944.01A.11H.2186.13","tumor",5.84050412026396,2.8574673806081,2.45408622108666,3.15149754813027,1.85376304434095
"SRR14634362","tumor",4.84560295020602,2.7980182973155,1.86020563198951,1.97571775808321,1.20081846628356
"TCGA.78.7146.01A.11H.2038.13","tumor",5.34546976818186,2.17643333716867,1.36087240603457,2.34101279662276,1.70153335518606
"SRR6757394","tumor",5.98354898789719,2.9451804961984,1.98847924656685,2.32605329637821,1.36053430974604
"TCGA.55.A492.01A.11H.A24G.13","tumor",5.7538099434461,2.656907773091,1.03718969707895,0.770458780481152,-0.0351541060316622
"SRR6757400","tumor",5.32912328941879,2.37488956701647,1.69788490505022,2.29710463438233,1.36355060241368
"TCGA.05.4426.01A.01T.1207.13","tumor",5.85138881071517,3.4798589346116,2.84420429741789,3.3622876121321,1.72173647429397
"SRR14634309","tumor",5.40544831296953,2.81993807372276,2.78363539285451,2.12203986064477,1.41579658455926
"TCGA.35.4122.01A.01T.1108.13","tumor",5.18960234130721,3.5708403524288,1.96248520622898,2.07114674254828,1.66053560792178
"TCGA.34.2605.01A.01T.1557.13","tumor",5.86395850164503,3.84598365093701,3.38762100078271,3.36856439556774,3.11108723993353
"SRR14634326","tumor",5.1536203732435,3.16754189811738,2.7174281355074,2.49349045088205,1.41278370697844
"SRR6757453","normal",5.41252101803689,1.65110391093752,1.47163491999395,2.23469701507037,1.34634097434978
"TCGA.60.2725.01A.01T.1517.13","tumor",5.63864074853344,4.65779016120705,2.27041755438029,1.97445662951597,1.7158782612071
"SRR6757393","normal",6.66206177688774,2.74850795975741,1.55401605698509,2.20859797528096,1.34289461982598
"TCGA.85.8071.01A.11H.2246.13","tumor",5.51746397180915,2.71265507995858,2.00142897243134,2.35604610642247,1.55169210790562
"TCGA.99.8033.01A.11H.2240.13","tumor",5.84065154265043,2.7884799128146,1.89031767310945,2.35262667404864,1.20016882773143
"SRR6757413","normal",5.81157267559662,2.97462868480328,1.78300101615669,2.29972240917874,1.35271743802973
"TCGA.55.7816.01A.11H.2169.13","tumor",6.71330251199283,0.781958302902855,0.587256565626901,1.35506939303829,0.0164696190683299
"TCGA.91.6836.01A.21H.1857.13","tumor",5.44557962423683,2.30451181604493,1.93011786740242,2.70196679710001,1.70894068741045
"TCGA.44.6775.01A.11H.1857.13","tumor",5.33958398209184,2.22839336875315,1.03419725235033,0.882193923465156,0.370503274979869
"TCGA.78.7167.01A.11H.2065.13","tumor",5.75279809300416,3.00487895430757,1.40965621171348,1.19670640989398,0.771818068819079
"SRR6757419","normal",6.20058042190541,2.63534771008652,2.37367083798613,2.35964349629832,1.3631270101411
"SRR6757403","normal",6.77740209164198,3.18173989193961,1.76144431693662,2.25348299713987,1.35127969218283
"TCGA.6A.AB49.01A.12H.A404.13","tumor",5.83557409244845,3.10439785653158,2.52999288209605,2.53256247291464,1.87115728925357
"TCGA.77.8153.11A.01H.2402.13","normal",6.58540622938077,1.69814808450472,0.622688734656322,1.03588568895774,-0.52568282527968
"SRR14634367","tumor",5.77400359084734,3.49819346199429,2.56892555419116,2.4482387446181,1.24056315788185
"SRR14634310","tumor",5.36897419745492,3.53819131830453,3.37290222877157,3.95114407853636,2.04891356202001
"TCGA.44.6777.01A.11H.1857.13","tumor",4.31608659610636,2.04130973814965,0.922981614083329,1.26816756431556,0.390197608591523
"TCGA.49.AAR4.01A.12H.A41D.13","tumor",5.95435432853823,2.82689697121761,1.73470382080557,0.753170349771283,0.139425720683391
"TCGA.50.5066.01A.01T.1627.13","tumor",5.1199989076365,3.77128784620193,1.38973201876233,3.09333290860695,0.697708383872732
"TCGA.44.7661.01A.11H.2065.13","tumor",5.93746434035184,2.52209431122926,1.787761062242,2.62881897111418,1.56995138610747
"TCGA.99.8025.01A.11H.2240.13","tumor",5.6324307534297,2.38621478755404,1.45887642081792,1.32597183581405,0.349658977184206
"TCGA.49.6744.11A.01H.2169.13","normal",6.35735693993897,1.16034310587095,0.403509569994117,0.0877513227145043,-0.526658206441435
"TCGA.56.8623.11A.01H.2402.13","normal",6.43805260764605,1.45518535664851,0.720573891805916,1.14502828459514,-0.314723784999161
"SRR14634369","tumor",5.97621827656089,3.03888946783374,1.74122908623065,2.22121338757535,1.17952401368366
"TCGA.56.8504.01A.11H.2402.13","tumor",5.86264011391923,3.0218894496463,2.46520049379829,2.9384577420426,2.16512941205401
"TCGA.33.AASJ.01A.11H.A404.13","tumor",6.13440452136073,3.5124639601116,2.86944836780038,3.32226890992377,2.41489201565064
"TCGA.55.8616.01A.11H.2402.13","tumor",6.70984727398316,1.33448076200869,1.34165806086974,1.27236595367195,0.450083679842432
"TCGA.NC.A5HE.01A.11H.A26V.13","tumor",5.34888651761452,3.18725324569121,2.51111132454523,2.66260634592228,1.66404558093424
"TCGA.50.7109.01A.11H.2038.13","tumor",5.81027662155207,2.11551770126352,1.07474215649701,1.60228666929644,1.42749051328343
"TCGA.MN.A4N5.01A.11H.A24S.13","tumor",5.2725125957092,2.17348382105404,1.35665056523933,1.09783605491712,1.04347973164632
"TCGA.44.A4SU.01A.11H.A24S.13","tumor",5.39940767386998,3.000062816329,1.44416448579801,0.980369424403673,0.534387672179746
"TCGA.34.8454.01A.11H.2325.13","tumor",5.61569848437077,2.60359140436113,1.72112472075992,1.69770379451662,1.32580074657992
"SRR6757433","normal",7.41513422185036,2.79181071009109,1.57074273374012,2.20869536432245,1.34398773084987
"TCGA.44.6776.11A.01H.2169.13","normal",6.49084421789451,0.989336603635018,0.547745937710366,1.46318330461943,-0.258247822532179
"TCGA.56.8629.11A.01H.2402.13","normal",5.7310023876908,2.27400951930066,1.09159648240311,2.24741681355086,-0.211930108145397
"TCGA.49.4506.01A.01T.1207.13","tumor",5.38277509700825,4.13007936418928,2.89249099537142,4.15537118834842,2.00491830256455
"TCGA.85.8666.01A.11H.2402.13","tumor",6.14699629379417,3.88206806807136,3.40160617302014,4.24804135438091,2.67069105990577
"TCGA.44.7667.11A.01H.2065.13","normal",6.05316218448745,1.97638296826748,0.874988859024469,1.86260904919457,0.00636740903144839
"SRR14634296","normal",6.19797344999457,3.82395110660405,1.88673083372525,3.90262743432309,1.20308019508993
"TCGA.44.3396.11A.01R.1757.13","normal",6.62193489818163,4.69190316489302,2.36437681418354,5.89702198520267,1.24345679436571
"TCGA.78.7163.11A.01H.2065.13","normal",6.41479622361426,1.5699899944352,0.75300335688504,2.12273858239146,0.253861015587268
"SRR6757438","tumor",4.51819385097436,2.3806462453793,2.27389445019147,2.31676883808845,1.34289461982598
"SRR14634355","tumor",6.1225833451591,2.74401778667193,1.89871329111527,1.75625671688415,1.14136748424025
"TCGA.43.7658.01A.11H.2124.13","tumor",4.49356568025251,0.936905818781471,0.78735146170699,0.73679275679869,-0.195610257181387
"SRR14634238","normal",5.74343422782712,2.89446217181366,1.2524895424882,1.26790106356475,1.14136748424025
"SRR6757460","tumor",4.42235083492211,2.98821093872787,2.00463492245915,2.27699717573494,1.35762277860762
"SRR14634276","normal",5.96479574294866,2.6980048239784,1.58410314889647,1.49219504041736,1.18921364350451
"TCGA.34.7107.01A.11H.1948.13","tumor",5.54927984923173,3.84950310074912,2.82554003916602,3.2191123360594,1.71304079438328
"SRR14634256","normal",4.44273720903507,2.97279485306858,1.44722998451119,1.70085552616315,1.19298579746692
"TCGA.86.7713.01A.11H.2065.13","tumor",5.68459888031911,1.92781877434472,2.47706984212724,1.75209197245478,0.968162519078414
"TCGA.21.1078.01A.01T.1557.13","tumor",5.05092374506706,3.37120639423262,1.76071379283889,1.38697309732681,1.26563952645415
"TCGA.50.5933.11A.01H.2169.13","normal",6.45438805801881,1.53650251440345,0.516739736207189,1.51221008795851,-0.330071022143134
"TCGA.60.2703.01A.11H.2044.13","tumor",5.97289831996806,2.88322140327563,2.47314827615348,2.34146485294383,1.64932329696946
"TCGA.49.4505.01A.01T.1207.13","tumor",6.16970724150544,2.6281201425559,1.96746227361461,2.91980766078353,1.25960407915118
"TCGA.73.4662.01A.01T.1207.13","tumor",5.4373598726557,3.42292804409216,1.96332743451871,3.21890421368686,1.30642856168284
"SRR6757401","normal",6.16398412061057,3.40746399351177,1.7505819150151,2.26709116339282,1.35070445761885
"TCGA.77.8008.11A.01H.2186.13","normal",5.21163410507352,2.54320300884012,1.00288136632858,1.4717223009426,0.432185938698203
"TCGA.56.8309.11A.01H.2295.13","normal",5.77538844338604,2.13427963387606,0.886743535365998,0.91490626741647,0.0394139345115754
"SRR14634302","normal",6.17667058297189,3.34972058915794,1.88583765345544,2.9524938947074,1.22402288620502
"SRR14634246","normal",4.95990873925115,2.92569136257135,1.63496056390772,1.96290641482804,1.16826700794079
"TCGA.92.7341.01A.31H.2044.13","tumor",6.10704181540877,4.08218938141918,3.89621980833928,4.07188205846476,3.2847222301966
"TCGA.85.8287.01A.11H.2295.13","tumor",5.51365039846512,3.55402650039507,2.27865903792576,1.89983557609678,1.43237503486691
"TCGA.34.8456.01A.21H.2325.13","tumor",6.19041012554064,2.48374113304842,2.57780286065162,2.47775573879516,1.77211635928657
"TCGA.69.7763.01A.11H.2169.13","tumor",5.57313355338223,2.21307408969497,0.721892849184509,1.36332089436848,0.0351281136470953
"TCGA.69.8255.01A.11H.2286.13","tumor",4.7538833971774,2.87640151102067,1.95904012143322,3.39120195965779,1.81417748773992
"CHTN_sample161","normal",6.05397931454063,2.20600270919983,2.24271293367463,2.41928264376934,1.51060959286608
"CHTN_sample181","normal",6.10429830667166,5.56415251264665,1.37483921728719,4.2068500369024,1.44259644604944
"CHTN_sample014","tumor",5.00125501856655,3.72202963459309,2.64235495029962,2.75045619059051,1.64507096679166
"CHTN_sample172","normal",6.21874195820137,3.59873998251104,2.0906975256531,3.73600294272562,0.888006914044958
"CHTN_sample052","tumor",5.19954299420142,0.729600149695126,2.60373853077447,2.39782810875733,1.85898518890814
"CHTN_sample120","normal",6.1134364031399,3.80491503399437,1.99154946846095,2.83618810459428,1.42991987824379
"CHTN_sample045","tumor",5.57032758448974,3.04815920182264,2.34898758949395,1.65229489053598,1.54338993889531
"CHTN_sample192","normal",6.31092695108853,5.16733065814035,1.82072012627425,4.19877232748291,0.768209657014318
"CHTN_sample189","normal",6.14715026845075,5.50812236678996,1.76885609090609,4.47916982132494,1.09479929018016
"CHTN_sample155","normal",6.19389875086135,2.57159842336059,2.67251455103764,2.00796225815851,1.31675908387346
"CHTN_sample092","normal",5.33285274358327,0.729600149695126,2.30802374080694,1.95233420850708,1.64503707375881
"CHTN_sample093","normal",6.559561482319,2.261215808505,2.38289081550548,1.64217674467905,0.797742974782908
"CHTN_sample183","normal",6.29451881607728,6.07823563422205,1.92079970607515,4.41174373027965,1.0347314446059
"CHTN_sample094","normal",5.67723297655821,2.73264965622258,2.63993894449204,1.69861719669616,1.73559841603175
"CHTN_sample139","normal",5.58795526007222,3.29972314480007,2.38807531828176,1.91613215761229,1.47422705420481
"CHTN_sample101","normal",5.02556102794088,3.10005077836976,1.94782983884859,-1.37683506842053,1.04230795287073
"CHTN_sample074","normal",5.99533170302244,4.11434429032169,2.21412372406308,3.43931946891561,1.35059941623281
"CHTN_sample026","tumor",4.95167553763597,0.729600149695126,2.10916489967049,1.81001319570351,1.65325370201374
"CHTN_sample007","tumor",5.43309675288048,3.9907524118558,1.9880423049208,2.34659011199363,1.99024039360761
"CHTN_sample191","normal",6.34737609346431,2.6114012703174,1.70116034634534,2.82416739484823,0.633151141919652
"CHTN_sample180","normal",5.81548224663165,3.79092807465807,1.30522542548069,2.02940476180908,0.980361004349259
"CHTN_sample166","normal",5.99708314927014,0.729600149695126,2.50575517284005,1.23470091585132,1.56608908012551
"CHTN_sample080","normal",5.97846178694592,4.48591700604986,2.10657433743155,2.91112539864623,0.94425560498413
"CHTN_sample083","normal",5.36536582464058,0.729600149695126,2.10760253079177,2.64927013889423,0.998845584220616
"CHTN_sample188","normal",5.93390495527738,4.77625286965024,2.01789373352599,3.42503669395396,1.44249655434123
"CHTN_sample105","normal",5.18704664682344,0.729600149695126,2.44306327449812,2.25530409622693,1.62490092151915
"CHTN_sample119","normal",5.46051711372677,3.69243153379113,2.07714867884154,2.77297259446132,1.49009698707822
"CHTN_sample078","normal",5.46888356362428,3.2077855551631,1.70883783084398,3.04320158824684,1.18583694533713
"CHTN_sample145","normal",5.64443708531905,4.69417481711698,2.43412834957867,2.15878808851393,0.936355917176232
"CHTN_sample032","tumor",5.55650077502972,3.07761295618124,2.1232447748612,3.58825773073371,1.48259041251416
"CHTN_sample111","normal",5.56646056678711,3.2797820310746,1.73959517094445,4.53353324568522,0.992141000443882
"CHTN_sample176","normal",6.0814806196271,2.86770460044725,1.4907442281594,2.67083086528728,1.00588398728306
"CHTN_sample174","normal",6.50615312478826,3.28299819612197,2.04530852469403,2.88594191495955,1.14362226476178
"CHTN_sample076","normal",6.07678348147478,0.729600149695126,1.69926652509294,0.386548752435334,1.33452538748386
"CHTN_sample023","tumor",5.99285422833384,3.57541527212968,1.92252799996954,2.59816688239184,1.26766217035828
"CHTN_sample157","normal",5.67002681799364,3.94590699046749,1.14866718732914,1.65696652819164,0.470752117519519
"CHTN_sample055","tumor",5.91690957452054,0.729600149695126,2.36063641118173,1.07188002936873,1.49538915789497
"CHTN_sample137","normal",6.10334113363693,4.20443475325718,1.96303837306852,1.77619860294539,1.25933839398407
"CHTN_sample158","normal",6.04417613948726,3.0848310053128,1.73261092146443,0.435320823977604,1.17034127614813
"CHTN_sample034","tumor",5.83097677596936,0.729600149695126,2.09232734323032,2.49187574971976,1.33093143943888
"CHTN_sample071","tumor",5.57492796145195,2.8375462141271,2.41308220663053,3.45364853052973,1.65077162924813
"CHTN_sample178","normal",6.65740655187269,2.65836570865363,1.75613178045088,3.41908921410605,1.15318103292739
"CHTN_sample167","normal",6.46749964704868,3.42256979569274,1.89996712972627,1.95985252778197,0.506844463716671
"CHTN_sample065","tumor",4.89709687888645,0.729600149695126,2.06904203349939,2.77831242705271,1.95437002630614
"CHTN_sample143","normal",6.37917134292852,2.79358107749418,2.04525482428414,0.749811266677921,1.25723255329831
"CHTN_sample099","normal",5.51133633026787,3.47753119978863,2.22822433704525,2.69286386347012,1.55899682309923
"CHTN_sample182","normal",5.9501057243642,4.53895644103447,1.25079330132921,3.3855345733396,0.708617826260454
"CHTN_sample038","tumor",4.96973854274129,0.729600149695126,2.46563089909164,1.9288056722295,1.94930174481666
"CHTN_sample021","tumor",5.19614961752986,4.30115522926115,1.93761257716032,-1.37683506842053,1.33144006243036
"CHTN_sample041","tumor",5.57704229977154,0.729600149695126,2.0755216757233,2.00506713683125,1.66978510451723
"CHTN_sample184","normal",6.19439588472505,4.9149383113836,1.871633372457,3.73746700982329,1.30475692521016
"CHTN_sample062","tumor",5.88919953271602,3.1198404567833,2.02348856654342,2.61682727911108,1.87341686978064
"CHTN_sample016","tumor",5.23593960385988,2.60698231962587,2.12363462188932,1.94672965912598,1.67054958732651
"CHTN_sample118","normal",6.48072602215445,3.56757400287647,1.89020340441648,1.25894810971816,1.35822677351697
"CHTN_sample096","normal",6.62668355248444,3.45006138926109,1.49752715022628,4.03701465463272,0.687825377173044
"CHTN_sample006","tumor",4.65759767302431,4.05276482384998,0.992603237468912,3.24374341222327,1.11620157284947
"CHTN_sample088","normal",4.88654319495983,4.36164602725616,2.13901602684256,-1.37683506842053,1.75578572838851
"CHTN_sample138","normal",5.38149841158566,0.729600149695126,2.38962756805751,0.967088508722657,1.53513150674134
"CHTN_sample039","tumor",4.85297019618761,2.80721794639091,2.23972551905489,1.39611135257155,1.83143626942296
"CHTN_sample186","normal",6.35130395192555,4.65818337882514,2.01538202188434,2.81276388682274,1.15852695727673
"CHTN_sample190","normal",6.36394361808381,4.03632179246482,1.97623125134024,2.49586858512552,0.876720819325135
"CHTN_sample185","normal",6.2929056792907,3.45035820226903,1.805347974994,2.66430731231127,1.13468374412464
"CHTN_sample004","tumor",5.46041023323644,3.42966317693458,1.94134907813127,2.44584516054412,1.64697778279863
"CHTN_sample013","tumor",5.29599067385898,0.729600149695126,1.81545684670835,2.28426086928648,1.6180865316474
"CHTN_sample154","normal",6.39871409810521,3.25343419646818,1.54597185535722,2.45607857504892,1.01541973739911
"CHTN_sample135","normal",6.0683058832035,4.50063332019198,1.93977719599483,3.65289438209819,1.26694646064645
"CHTN_sample117","normal",5.70480837217374,2.82131942994318,1.99333646802641,3.26691136013198,1.60670828825763
"CHTN_sample025","tumor",6.12561152108063,3.18632049163914,2.14740728455969,-1.37683506842053,1.498908104288
"CHTN_sample054","tumor",5.70494967232701,2.34862232600332,2.52587043198857,1.92225903272649,1.95824300952065
"CHTN_sample022","tumor",6.64334481441552,0.729600149695126,2.71206360659379,1.59606078753876,0.597112827753649
"CHTN_sample091","normal",5.40261614547182,0.729600149695126,2.03991507175657,2.46725637721077,1.33685806799489
"CHTN_sample165","normal",6.23009948023506,3.01034150666373,1.07239605951367,2.39490620096083,0.755247367143394
"CHTN_sample112","normal",5.56320433696643,3.91135284222415,1.84658578332489,4.34954727472055,1.15132353144661
"CHTN_sample127","normal",5.86901709336285,3.0096153981838,2.02505207214026,1.61156690481518,1.53565229845984
"CHTN_sample089","normal",5.62603858138784,4.13300341414701,1.69597534834111,3.61148706310116,1.44542677320951
"CHTN_sample035","tumor",5.7445739079826,0.729600149695126,2.5486570688037,1.84914887363418,1.87185398136158
"CHTN_sample040","tumor",5.6690307205231,0.729600149695126,2.28478509825846,1.93957459162128,1.65504138721909
"CHTN_sample114","normal",6.39704914771356,4.67605657287333,1.8369832446821,4.76687474299402,1.28331722660589
"CHTN_sample030","tumor",5.84859745956528,0.729600149695126,2.21238594251875,2.50920365814714,1.56074332209808
"CHTN_sample012","tumor",5.5072624009868,3.67482693966882,2.5082507626251,-1.37683506842053,1.83143267561604
"CHTN_sample031","tumor",5.4454538344881,3.69426981679237,1.89420619033088,3.55945560165438,1.57048323421925
"CHTN_sample122","normal",5.49101038735336,3.66840640236617,1.77422497059132,3.19883973004916,1.21347999470332
"CHTN_sample116","normal",6.16336606784582,2.25990901311046,2.05086019017289,3.12760398776802,1.55227411927916
"CHTN_sample066","tumor",6.33173158003646,0.729600149695126,1.90646661025968,2.73378272073304,1.37372177931466
"CHTN_sample179","normal",6.67640178292001,2.97999638551902,1.49083580625843,1.58020789970786,0.940101501870521
"CHTN_sample187","normal",6.09732037700502,4.54787617519141,2.42725292943137,2.96060397102945,1.56631349677916
"CHTN_sample095","normal",5.63524960387053,3.06694421888855,2.04103744498785,2.34126993451632,1.74322871535478
"CHTN_sample098","normal",6.07662133119964,2.94591673883597,2.53534183066485,1.54405746103522,1.59354436192029
"CHTN_sample073","tumor",5.26807623726192,0.729600149695126,2.4170819742711,2.57638387633826,1.9980361617458
"CHTN_sample069","tumor",5.25819656695599,0.729600149695126,2.32460209794468,2.52817671648264,1.68101168088977
"CHTN_sample160","normal",5.09586389164825,2.9434963594258,2.08158409100505,-1.37683506842053,0.781979247170994
"CHTN_sample081","normal",5.23389699882074,5.11354874631981,2.0724418917278,2.829713372005,1.51448741546381
"CHTN_sample087","normal",6.12503546302541,2.96775011447898,2.02376954276508,2.6301065710987,1.70485287345227
"CHTN_sample037","tumor",5.5501923669318,0.729600149695126,2.3365328656414,-1.37683506842053,1.25439618844567
"CHTN_sample008","tumor",5.50579032855269,0.729600149695126,2.07463937587378,-1.37683506842053,1.53744058647791
"CHTN_sample053","tumor",5.86221299044827,4.5235083113175,1.77730046319614,2.37181561689241,1.36597511836286
"CHTN_sample194","normal",6.14754043992915,4.97508543880377,1.97748148364961,2.86018999331992,0.821183959963428
"CHTN_sample134","normal",5.73852631277206,4.61594217895616,1.34630559470043,3.95139103136963,1.5105529148094
"CHTN_sample107","normal",5.77070106090228,4.95244978962416,1.57766229875034,3.82452328370362,0.997818945154009
"CHTN_sample159","normal",6.15082992835306,2.1702217090584,2.35512852079227,0.118780963602007,1.62085658997571
"CHTN_sample152","normal",5.604797985515,3.12163222578802,2.06406619824675,1.45681972293496,1.90947768425906
"CHTN_sample086","normal",5.58046218098542,0.729600149695126,2.00396858501048,0.831393115733765,1.5131420497744
"CHTN_sample048","tumor",5.69453592228445,2.91271323890031,2.34419484287552,2.39098720148154,1.54102391931521
"CHTN_sample017","tumor",5.10290399392006,0.729600149695126,2.49000242590967,3.13550109242808,1.92958909486565
"CHTN_sample064","tumor",5.06761091068704,0.729600149695126,1.99014720441919,1.60067612953712,1.62247418048622
"CHTN_sample144","normal",6.13173273171681,3.87095236972176,1.82855531165655,2.72476513803799,1.67717231573524
"CHTN_sample056","tumor",5.79623650524535,3.72968306608026,2.39853862881813,2.08110817175452,1.76329906276695
"CHTN_sample168","normal",6.66245311834929,4.48097441767661,0.923479348645046,3.81410919763607,0.378286976140127
"CHTN_sample103","normal",5.73717516830353,3.62131130983562,2.40160717477315,1.85713541505149,1.86693045211494
"CHTN_sample024","tumor",5.53530682181259,0.729600149695126,2.18878569981163,1.39119410461196,1.54572129710041
"CHTN_sample163","normal",6.12140257329762,4.0983046791568,1.99044608287957,3.35885831958841,1.3199140764688
"CHTN_sample148","normal",5.91135022274222,5.87323173845916,2.13210422990352,4.01926801364007,1.42191351501356
"CHTN_sample104","normal",5.73415419713704,4.12417159609091,1.56399739834176,3.50956072267682,1.43630737264118
"CHTN_sample177","normal",5.84614913917314,0.729600149695126,1.21223156763136,-1.37683506842053,0.59475055508496
"CHTN_sample123","normal",5.92646350336886,3.72035199535283,2.34436945990914,3.14878408513876,1.67604632757546
"CHTN_sample084","normal",5.91808294788912,4.32213595980495,1.91274899665961,3.13053520189623,1.27436722050454
"CHTN_sample027","tumor",5.11893904379897,4.40283293398978,1.93672499534224,4.13792891487631,1.43569640265924
"CHTN_sample044","tumor",5.34707253878166,2.36433200894063,2.62630576118187,1.76599449817488,1.92981971848892
"CHTN_sample005","tumor",5.21440410095401,0.729600149695126,1.65380759575479,3.03551885204809,1.29727026266923
"CHTN_sample072","tumor",4.85923006745348,0.729600149695126,2.23103720889613,1.40204730242826,1.52992616099511
"CHTN_sample142","normal",6.22521220114698,4.76503817799538,2.38211353008615,2.8603114231499,1.03947959971452
"CHTN_sample085","normal",5.70861361935685,4.04262468706488,1.76638091031496,2.47748677570527,1.31221731533428
"CHTN_sample175","normal",6.29440068996564,2.87907279947021,1.55293624365866,2.35388647550252,0.550487047872142
"CHTN_sample146","normal",5.22238993611981,0.729600149695126,1.69521707593549,2.37487992776324,1.47201400366272
"CHTN_sample057","tumor",5.02951081170479,0.729600149695126,1.80274778841971,2.3808732828212,1.58668086591763
"CHTN_sample036","tumor",5.16435312300448,3.02499309990389,2.45439774707052,2.01663535573804,1.72612525882026
"CHTN_sample136","normal",5.9499932413897,4.08537575617494,1.77989254251478,3.32331279962698,1.3093890618199
"CHTN_sample108","normal",5.16154142708426,3.72922428999935,2.11580917649064,3.84579147561551,1.42987965906069
"CHTN_sample171","normal",6.50265302378942,4.80431680565988,1.37903169718521,3.10837644193233,0.971441472417246
"CHTN_sample009","tumor",0.357307350078373,0.729600149695126,-3.87709902973857,-1.37683506842053,-4.80786489562058
"CHTN_sample079","normal",6.16456556759712,2.01972434171185,2.21852413633714,1.78552708729727,1.2622946331781
"CHTN_sample133","normal",5.86924667143955,5.40916613850752,1.37965049895633,4.41523879342265,0.986225046641107
"CHTN_sample050","tumor",5.69052179673913,3.48150706271118,2.56076443125468,2.50014135062934,1.69011825734851
"CHTN_sample131","normal",5.90865625761878,3.54676392422396,1.73854573093802,2.56830183526804,1.42612122001501
"SRR19423172","tumor",6.25714298125545,3.52975067006074,2.58303539842547,3.18884641755807,1.89819669574062
"SRR19423192","normal",6.09690130454207,2.92552486087089,2.55628180576166,3.67924803472329,0.757371841981643
"HR2","normal",5.77348792248704,3.14879403206522,2.10729876052369,2.76496967829264,1.10383567249798
"SRR19423183","normal",5.91222161497034,4.51362833107402,1.31474145128186,2.42284798988345,2.0414914168757
"SRR11563488","tumor",6.41580234691366,3.26071048135087,2.1302452102178,2.44258677414855,1.42800120655412
"SRR19423131","tumor",5.19831063193647,2.39045589644766,2.26478084119023,2.09286431489104,1.31591041270817
"SRR11563481","tumor",6.59612710015926,3.22212056132475,1.90347652780055,2.57675861843468,1.33337807631879
"SRR19423203","tumor",5.54960444459114,3.50150762225251,2.0080412743184,2.68113789220222,1.61921381257704
"SRR19423200","normal",6.14592348092751,2.9610829251414,2.0729886377587,3.22624996351771,2.13422956824397
"SRR19423166","normal",6.00522731607742,4.02950404963429,2.13858011845572,2.86561387387027,1.74600954946087
"SRR11563538","tumor",6.55950696013429,2.66930600737286,2.094303145232,2.07251837631138,1.38266517744616
"SRR11563539","tumor",7.03954878719568,2.5692207829275,2.23766526027538,2.37678894153493,1.55572598688827
"SRR19423194","tumor",6.11715166852617,2.78937331742003,2.26050798175859,1.69871458877567,1.62316339136839
"SRR11563540","tumor",7.43607425915213,2.60335190695962,2.02138016075619,2.07485605789553,1.36947749144423
"SRR19423150","normal",5.79095257496561,3.95964630839055,0.638370700805023,2.73479956633459,0.970353636283056
"SRR11563547","tumor",6.4894825264771,3.06722580252674,2.30574921573451,2.35486276139236,1.40374047883674
"SRR11563510","tumor",5.45424585568756,3.09855653443174,1.97502129354727,1.88011663869608,1.32938643132745
"SRR11563464","normal",6.45915898883023,3.27477720478222,2.01126143613623,1.94189315262585,1.33951841525022
"BL5","normal",5.68791784969435,4.63204509203326,0.914182858362984,2.04853213733298,0.588103252602587
"SRR19423202","tumor",5.72200663354191,3.40483638650203,1.95588758225181,2.13749361292458,2.0804516540095
"SRR19423191","normal",6.14967857146518,2.91530811646332,2.10689388730967,3.53110288505284,0.7571555270432
"SRR19423177","normal",5.38113227649243,2.64198427434855,1.77962376398834,2.05550455400075,0.98624342651268
"SRR11563526","normal",6.01562400913988,3.00579648239842,2.01639084698088,2.77202517159423,1.37496931371735
"SRR11563529","normal",5.87172217011351,2.84294525712591,1.95142247752918,2.53515341829258,1.3819956929229
"SRR19423199","normal",6.15317645477353,2.99475406739289,2.30801687846198,3.28294144431543,0.808088344825615
"SRR19423116","normal",5.80536876495743,2.19775809235048,2.90271642509098,2.69092488933889,1.94234393969501
"SRR19423130","tumor",5.21072249088977,2.37099083707116,2.18303397141532,1.99764247262389,1.32010653191203
"SRR11563524","normal",5.13941805123651,2.53043568940088,1.96234192637306,2.5788349231041,1.35573801765973
"SRR19423156","tumor",5.70484878080425,3.32539241113749,0.911247696723782,2.03898361613471,0.807524892788123
"SRR11563470","normal",7.14728263039516,3.00653417399424,1.92364810269194,2.10353220048131,1.34717278692375
"SRR19423122","tumor",5.2213166980451,2.35693306341554,1.60661074933901,0.877077636787468,0.881598303560504
"SRR19423187","tumor",5.45792429778063,3.76533756485577,2.48291386261772,3.07513615012722,1.39487335914709
"SRR19423185","normal",5.90580643094392,4.5772122261288,0.734260982559915,2.57849957992493,1.62836043431244
"SRR11563522","normal",5.87777181325213,2.86809482972798,2.14657725827482,2.03949057888661,1.40184992195747
"SR3","tumor",5.91981561079303,2.82449288003101,2.31839026514632,2.51914753717264,1.53349437615533
"SRR19423168","normal",6.09763735213005,4.06948510359441,2.23709561082083,2.70339166947964,1.11364904361995
"SRR11563491","tumor",5.66225223809995,3.0703340307089,1.92612519195685,1.90431652953622,1.34724278076961
"SRR19423148","tumor",5.33061428695764,2.22986536357073,1.57737808831117,1.31191850738274,1.25913093839951
"SRR19423169","normal",6.01379094652925,4.04981905731231,2.03691307915627,2.92768386006508,1.34536943706179
"SRR11563472","normal",6.55584848919419,3.3383463694523,2.14185572611233,3.44531328774419,1.34684200593834
"SRR11563507","tumor",4.59084810904767,2.51119270765848,1.88331941648211,2.45342279388386,1.33444504061062
"SRR19423189","tumor",5.29562426434946,3.82808628151111,2.68029115183468,3.21390760629839,1.84494094862079
"SRR19423178","tumor",5.44178316385946,2.47990228271647,2.18746672952463,1.7691898504712,1.77109627641408
"SRR11563501","tumor",5.23742315320486,2.78398833977149,1.87834209878186,1.82614263324816,1.33455280022081
"SRR19423154","tumor",5.62530375505448,3.36713754802865,0.0695055931051158,2.22144522594822,1.19899936108939
"SRR11563545","tumor",5.8555398308434,2.1802519787698,1.98207917745168,1.94909928232887,1.38516579691595
"SRR19423193","normal",6.19502771678478,2.91285492976338,2.55346818019681,3.65780471658344,0.77195195685819
"SRR11563476","tumor",4.81195986954383,3.22542195698467,2.04929171197839,1.98677595081716,1.38127424268292
"SR1","tumor",6.02297208660402,2.67801263133727,2.20185486716113,2.67651940360781,1.45278815853535
"SRR11563479","tumor",5.25662418167399,2.74790322241126,1.99984813908722,2.0328930855004,1.32617387750225
"SRR19423195","tumor",6.13369220671987,2.71229037928714,2.47035527150613,1.37874681522523,1.54294368294916
"SRR11563498","tumor",6.73466558922219,3.09170090098601,1.91363710248428,1.84537813425847,1.32498986717275
"HR4","normal",5.84401958013983,3.52073298598238,2.18770205364906,2.42107886247051,1.83489896376832
"SRR19423129","normal",5.73580876403471,2.96534174410928,2.48753162405039,2.71056787463497,0.854293200962963
"SRR11563542","tumor",4.50065095900737,2.39490821852137,1.90140707011882,1.96732824573826,1.34300426386036
"AR5","tumor",5.64789422106444,3.45103896717853,2.43220104930077,3.00117923822374,1.66151447161833
"SRR11563534","tumor",5.16012967179439,2.65912754679875,2.06236596215997,2.16836280881055,1.39949401735122
"SRR19423149","tumor",5.32024952799407,2.2750321701798,1.58315399799609,1.29073106376308,1.28194056765619
"SRR11563477","tumor",6.084083477785,3.23637199055928,2.04406698945864,2.07679050117148,1.35888323667939
"SRR19423197","tumor",6.14796962586554,2.68210499147081,2.22351836557305,1.75671367548983,1.62622614182307
"SRR19423201","normal",6.28988715119454,2.88838937363424,2.57651365033643,2.9709838002096,2.14455394272142
"SRR19423196","tumor",6.14490923794997,2.7207070035003,2.52879390480729,1.70447909038915,2.14969071988517
"AR3","tumor",5.39466801214198,1.98400961012017,1.49788474504578,2.20477520999598,1.85706923209468
"HR1","normal",6.0564350651478,2.96941864025803,2.45292463457154,2.33935888760136,1.43195065285863
"SRR19423165","tumor",5.44762984470553,2.18662636568897,2.40610786003982,1.86796736822595,1.33811231319351
"SRR19423146","tumor",5.30289058495892,2.24933648553484,1.64108825216255,1.44175533003253,1.25849451218671
"SRR19423128","normal",5.74059859562076,2.81076880044078,2.63998834883706,2.45314232279596,1.94754503186322
"SRR11563463","normal",6.81698125435512,3.31028217781878,1.93060378481571,1.96345993994546,1.33984022640842
"SRR11563490","tumor",5.74792091449104,2.76162836704968,1.86861737553855,2.82639172164972,1.34413938978197
"SR2","tumor",5.78295059747216,2.418377719833,2.11121915571243,2.35663304042065,1.26431628608799
"SRR11563537","tumor",4.92157534338479,2.71360737282716,2.09635409404327,2.02082916896479,1.39426081013428
"SRR19423176","normal",5.44074170547949,2.6803098096507,1.80261448039695,2.54401204572725,1.2110206747654
"SRR19423123","tumor",5.26329159537396,2.08428898331118,1.49264108947376,1.04719967533329,1.0041612433109
"SRR19423138","tumor",5.41502159336657,2.44478811910798,1.78835847853745,1.8641238145985,2.03083848608504
"SRR11563535","tumor",6.52606080473055,2.48131251355129,1.95914233455849,1.98969183656245,1.35225246973102
"SRR11563473","normal",5.54479670726354,2.49301817116272,1.95260807243683,2.46281103744935,1.3283931396256
"SRR11563478","tumor",4.23876776524138,2.87561382107708,1.97400762768659,2.88339468616117,1.33690668116875
"SRR19423125","tumor",5.33127382649697,2.17030634259711,1.55204215598868,0.90041006460575,0.760243017748953
"SRR11563468","normal",5.61998953207482,3.39678856551192,2.0091857510227,2.22313302314599,1.33538371919501
"BR4","normal",5.26935826087537,2.2879013830284,1.5015006315098,1.537906416068,1.68128467336398
"SRR11563469","normal",7.09675940866616,2.75256942550874,1.94064784934798,2.18562265254628,1.33434756032114
"SRR19423133","tumor",5.17894444667048,2.32830772705077,2.4062396499228,2.07524976780761,1.22375820646097
"SRR19423127","normal",5.89327722664541,2.71664243307813,2.62899864360757,3.02058204313076,1.24764711198137
"SRR11563502","tumor",6.46950918949103,3.00314864482437,1.88714956498117,2.01751340414643,1.32544061275415
"SRR19423190","normal",6.11456501819097,2.98927638172796,2.31462614603571,3.59127177989909,0.160159699482112
"SRR19423198","normal",6.1800708243089,2.95205562368626,2.53514804963151,3.34308898413408,2.00830110228048
"SRR11563541","tumor",5.99127554959366,2.31423557126469,1.96920248557667,2.01954152171758,1.44987291917651
"SRR11563544","tumor",6.00235688134247,2.33887421812598,1.96219932004099,1.91593719969485,1.35767625177461
"SRR11563509","tumor",4.48411309369198,2.72164168010531,1.9432745886959,1.77887355382301,1.33717140651991
"SRR11563505","tumor",5.86624865508687,3.23357234422379,1.91913364214288,1.82107859498339,1.34535180625753
"SRR19423171","tumor",6.30453516742951,3.41219945730993,2.89745066321245,3.08905566295635,1.71941192728083
"SRR11563527","normal",6.16270748581826,2.97306723539993,2.00931441837379,2.4217953575875,1.35368174447216
"SRR11563533","normal",6.64276808946484,2.86052770897006,1.9362891796219,2.61617171225196,1.37175748099535
"SRR11563475","normal",5.91974278613417,2.92003017247401,1.89954768575957,3.036341044283,1.33588107753125
"BL6","normal",5.83610616102923,4.24227380638561,1.30364201833535,2.14377052392573,1.30730940049289
"SRR11563489","tumor",5.1113631168602,3.14259442953801,1.96912492952665,4.1872348650885,1.35771921210791
"SRR19423205","tumor",5.61384826414076,3.43921885522085,1.59565781436077,2.48381479201193,1.62844051610666
"SRR19423145","normal",6.24017721580726,3.01916468043658,1.43754954270527,2.78369304344519,1.94761207825784
"SRR19423118","normal",5.71267369530759,2.25453900814852,1.91748540533367,2.64887049606457,1.45727010622295
"SRR19423170","tumor",6.29167962606652,3.45905803871936,2.41962968442835,3.11778473099434,2.17895799005514
"SRR19423163","tumor",5.36569224418076,2.15078198629268,2.66261961836251,1.82844788171697,1.51158952552752
"SRR11563532","normal",6.54807935585191,2.42004986267773,1.97267240888208,2.71134105123126,1.35184277475691
"SRR11563484","tumor",6.00385706383893,3.16720082000216,1.99235554461997,1.96605414642947,1.32688162969174
"HR5","normal",5.97710218481308,2.21101691922385,1.58872742911083,2.09876041285777,1.45644034436806
"SRR11563500","tumor",5.92498533034317,2.64797221337485,1.97177593975592,2.22214081037062,1.35139217840833
"SRR19423155","tumor",5.59550846929409,3.29625939276869,0.436146405989682,2.0425434677327,1.47990731003537
"SRR11563492","tumor",5.69398095568267,3.45389010097951,1.99806158486791,2.95173024085806,1.36029516635066
"SRR19423179","tumor",5.29892393340269,2.34861019964184,2.23303015521247,1.29886959122061,1.63405558374645
"SRR19423114","normal",5.84188771987414,2.32827866723199,2.72639963578035,2.20338125419969,1.20600457765931
"SR4","tumor",5.86688976370079,3.00233758727383,2.15693217078325,2.31683650097708,1.53380974939056
"SRR19423174","normal",5.39190463264836,2.71587068486266,2.16347440891034,1.96065052806485,0.971005360264644
"SRR19423159","normal",5.55046394773997,2.65206017225375,2.34084897725325,1.61390019367236,0.160159699482112
"SRR19423115","normal",5.82491640369342,2.18914773368002,2.75013515717242,2.4552817084793,1.56776305146654
"SRR19423188","tumor",5.23873872149059,3.85568788518078,2.66565891471102,3.24026848820383,1.56848751306349
"SRR19423134","normal",5.88687716056336,2.83078739341936,1.54545048518972,2.16805823480478,1.10708150519878
"SRR11563530","normal",6.62939502458477,2.89118453209965,1.97028489372058,2.7275674010573,1.35649453432037
"SRR11563465","normal",6.11592680824762,3.33176780430537,1.9860250179961,2.08996041288147,1.33626268210151
"SRR11563480","tumor",5.52253262605089,3.30386148680286,1.96275258842266,1.92811956223972,1.32931376704387
"AR4","tumor",5.42914910959002,3.13075950801752,2.13184861174344,2.56045052178106,1.13423355708574
"SRR11563508","tumor",4.61913065474996,3.2156492694662,1.94751460552252,1.71959662911491,1.3335183404061
"SRR19423153","normal",5.86628588970575,4.03794803115741,0.234028554997744,2.44551615837831,1.73867091370867
"SRR11563531","normal",6.58312432556515,2.97891661173667,1.96102876660093,3.16953083088899,1.3420194009032
"SRR19423186","tumor",5.21166068932296,3.76257711324034,2.56395739466095,3.23184139219926,0.959877299208484
"SRR19423157","tumor",5.57648234248778,3.32340235306898,0.717490069751147,1.95600984545384,1.71401421709553
"SRR11563493","tumor",5.51025627944025,3.63726027076904,2.08790799943213,2.39464851725146,1.39050540432769
"SRR11563474","normal",5.37088607463925,2.50036718463062,1.91952958683849,2.30311551906489,1.32897944692382
"SRR19423147","tumor",5.35910776271172,2.21652040136336,1.54615813520741,1.27537750810298,1.44174143870127
"SRR19423119","normal",5.6555163110489,2.28663043527052,1.8670609103956,2.61058825479662,1.76859390672068
"SRR19423182","normal",5.87854537955325,4.61879534375014,1.26387575241898,2.12033510665945,1.98426054463131
"BR1","normal",5.80435799232959,3.52024890700632,2.4754273481693,2.55195051567952,1.95329670322994
"SRR11563525","normal",6.50532297703047,2.60615672481395,1.95279014032571,2.44723118213923,1.34992013549587
"SRR19423144","normal",6.08468013678787,3.03081352916693,1.14639137442649,2.82190921673313,2.15992687467038
"SRR11563486","tumor",4.54833503131942,3.10518555700372,2.00054123544782,2.11326387853404,1.34098242435916
"SRR19423142","normal",6.18016417712465,2.90280960033716,1.29197534389716,2.95295917327309,1.75131860890203
